time_s,raw_x,raw_y,raw_z,kf_x,kf_y,kf_z,kf_vx,kf_vy,kf_vz
0.000000,310.18,2295.73,-1281.78,310.18,2295.73,-1281.78,0.00,0.00,0.00
0.074281,472.85,2419.64,-1319.37,468.94,2416.66,-1318.59,1924.37,1465.77,-846.81
0.126759,465.88,2433.61,-1328.96,484.26,2444.20,-1340.39,861.03,852.92,-1011.52
3.383470,77.22,2826.48,-1808.79,77.22,2826.48,-1808.79,0.00,0.00,0.00
3.413775,131.38,2766.32,-1750.16,126.54,2771.70,-1765.41,968.89,-1076.16,643.41
3.446501,105.84,2794.87,-1770.99,113.92,2785.87,-1765.67,-5.80,9.74,40.01
3.480129,136.45,2772.78,-1748.86,131.03,2775.98,-1755.39,265.18,-150.24,-98.04
3.530050,102.95,2798.72,-1777.30,113.64,2790.89,-1775.79,-52.54,82.29,-618.00
3.569687,36.62,2847.29,-1830.08,65.29,2826.97,-1820.75,-445.27,360.78,-1102.79
3.609301,58.24,2827.50,-1810.40,53.43,2833.75,-1840.69,-401.67,304.14,-1286.82
3.648487,96.96,2811.03,-1786.72,67.34,2828.34,-1847.11,-191.12,181.10,-1367.57
3.700209,93.66,2811.35,-1787.53,76.14,2824.11,-1864.99,-62.38,87.39,-1517.60
3.747881,73.64,2832.25,-1807.13,73.40,2830.29,-1886.19,-60.72,101.31,-1660.33
3.796810,66.56,2835.60,-1811.99,68.46,2835.43,-1907.21,-74.41,102.54,-1769.71
3.843505,90.89,2818.41,-1793.35,78.01,2829.25,-1913.85,16.49,26.02,-1780.58
3.890231,58.12,2845.58,-1820.45,68.44,2838.03,-1930.56,-55.90,78.98,-1838.32
3.937372,98.04,2813.48,-1788.62,81.96,2827.58,-1929.87,57.22,-20.25,-1787.90
3.984421,91.16,2819.30,-1793.79,87.91,2822.96,-1930.23,80.06,-45.98,-1753.67
4.033868,89.22,2821.80,-1795.38,90.52,2821.25,-1931.91,70.60,-42.00,-1729.50
4.082594,104.99,2807.54,-1779.62,99.59,2813.25,-1924.26,109.97,-83.63,-1663.79
4.131004,86.31,2821.65,-1795.17,95.42,2815.55,-1923.98,43.61,-39.23,-1654.02
4.177561,99.78,2808.99,-1782.62,98.63,2811.34,-1917.06,51.83,-55.93,-1614.21
4.225172,114.14,2798.20,-1770.26,107.67,2803.39,-1908.08,97.85,-92.90,-1572.21
4.273459,108.90,2802.75,-1774.45,110.63,2800.85,-1903.80,85.47,-79.28,-1564.90
4.321571,95.96,2820.00,-1787.19,105.21,2808.69,-1906.05,18.84,2.17,-1594.01
4.369308,97.25,2819.48,-1785.11,101.62,2814.21,-1907.02,-12.53,40.02,-1609.40
4.420260,107.88,2814.32,-1774.37,104.55,2815.25,-1905.72,12.40,33.06,-1605.64
4.468357,84.28,2838.81,-1790.12,94.45,2828.10,-1908.63,-62.33,111.75,-1628.18
4.515861,58.94,2865.58,-1804.70,74.95,2849.76,-1916.94,-178.01,226.06,-1673.87
4.566911,60.01,2862.38,-1798.80,62.83,2861.86,-1923.49,-199.19,229.97,-1693.77
4.615555,27.17,2879.95,-1821.09,39.77,2876.60,-1934.65,-292.63,254.81,-1736.47
4.662397,36.04,2871.32,-1810.05,31.12,2879.81,-1936.59,-257.25,193.75,-1722.75
4.710237,-0.51,2900.58,-1839.66,9.02,2894.90,-1951.08,-325.75,234.52,-1776.51
4.762547,10.91,2891.10,-1829.57,1.86,2898.78,-1960.28,-256.74,175.91,-1780.11
4.811179,-6.78,2905.30,-1844.29,-8.64,2906.28,-1967.80,-242.85,168.56,-1781.70
4.859258,2.61,2897.43,-1836.74,-8.57,2905.70,-1968.99,-160.79,107.85,-1750.64
4.909952,15.96,2884.14,-1825.21,0.25,2897.14,-1966.17,-42.25,9.85,-1701.56
4.958665,-4.54,2906.40,-1843.51,-3.22,2902.15,-1968.89,-52.10,41.50,-1697.91
5.008039,-20.81,2918.78,-1856.32,-13.54,2911.73,-1976.53,-106.26,94.11,-1719.88
5.579059,76.32,2916.01,-1803.97,76.32,2916.01,-1803.97,0.00,0.00,0.00
5.608672,273.58,2783.23,-1665.00,255.48,2795.41,-1700.32,3534.13,-2378.94,1838.88
17.373947,264.12,2745.44,-1640.96,264.12,2745.44,-1640.96,0.00,0.00,0.00
20.277356,-164.42,2522.97,-639.20,-164.42,2522.97,-639.20,0.00,0.00,0.00
20.336447,-370.42,2467.29,-858.55,-363.11,2469.27,-837.00,-2856.42,-771.94,-3177.13
20.426556,-218.89,2146.54,-1086.91,-363.11,2469.27,-837.00,-2856.42,-771.94,-3177.13
20.456006,-197.38,2093.20,-1013.40,-363.11,2469.27,-837.00,-2856.42,-771.94,-3177.13
20.487240,-50.94,1972.19,-870.89,-50.94,1972.19,-870.89,0.00,0.00,0.00
20.517119,-167.98,1940.13,-817.71,-157.35,1943.04,-831.79,-2095.66,-574.14,563.25
20.546504,-12.92,1830.48,-718.71,-48.72,1847.11,-746.04,1897.84,-2429.02,1631.75
20.576656,-104.41,1778.17,-675.71,-76.21,1777.10,-684.08,445.54,-2373.71,1582.61
20.616531,29.53,1687.22,-609.08,4.18,1685.85,-615.94,1193.36,-2333.15,1326.32
20.656529,40.47,1642.13,-585.70,44.69,1623.84,-579.52,1126.30,-2042.55,861.24
20.695983,-86.01,1537.61,-556.77,-9.28,1540.08,-555.06,347.60,-2067.67,461.11
20.734846,97.33,1460.64,-532.91,51.81,1460.19,-539.04,692.30,-2064.29,113.77
20.781993,-27.92,1396.07,-545.32,27.47,1379.70,-544.92,298.54,-1947.95,-350.63
20.829611,-8.04,1299.76,-564.88,16.69,1293.39,-569.26,127.10,-1903.76,-799.45
20.880109,18.48,1207.79,-605.28,20.74,1202.64,-614.79,110.79,-1866.61,-1257.05
20.927253,79.82,1083.21,-689.56,53.15,1098.78,-686.90,299.96,-1977.00,-1729.52
20.974120,76.10,984.83,-795.61,71.67,995.44,-785.72,331.17,-2051.68,-2225.38
21.020372,107.78,909.11,-894.80,97.35,904.82,-897.37,403.78,-2021.75,-2669.88
21.068294,131.92,832.65,-1015.39,124.35,820.36,-1027.88,457.36,-1934.71,-3094.50
21.117881,152.16,758.23,-1103.03,149.65,741.69,-1155.77,475.69,-1814.00,-3383.64
21.167393,168.48,693.76,-982.31,170.77,673.42,-1187.15,458.70,-1663.53,-3091.61
21.213748,179.39,591.53,-839.42,185.65,593.89,-1133.49,414.04,-1680.41,-2456.34
21.260180,195.39,527.15,-778.75,195.39,527.15,-778.75,0.00,0.00,0.00
21.292198,293.34,528.66,-723.34,285.10,528.53,-737.21,1741.46,26.85,590.06
21.322307,213.02,428.59,-720.47,234.84,446.25,-721.39,-587.62,-1857.66,339.18
21.351872,301.42,439.12,-692.76,279.56,426.68,-700.48,465.27,-1258.32,262.65
26.003059,117.50,2872.53,-1755.00,117.50,2872.53,-1755.00,0.00,0.00,0.00
26.033375,131.29,2858.38,-1750.27,130.06,2859.65,-1752.50,246.58,-253.01,-159.78
26.064265,133.39,2857.20,-1750.26,134.10,2856.31,-1753.35,165.27,-151.25,-304.97
26.095923,135.03,2857.39,-1749.71,136.09,2855.95,-1755.55,111.98,-78.48,-444.66
26.126377,138.32,2855.12,-1747.70,138.73,2854.58,-1758.08,102.19,-65.48,-571.35
26.156160,147.08,2848.46,-1741.95,144.82,2850.24,-1759.53,134.15,-90.58,-678.84
26.194556,148.72,2848.18,-1740.96,149.28,2847.55,-1766.26,128.19,-83.78,-851.76
26.232763,142.01,2851.92,-1744.41,147.91,2848.25,-1776.63,80.33,-53.97,-1032.16
26.277598,153.77,2845.30,-1736.34,152.65,2845.56,-1788.21,88.37,-55.86,-1211.23
26.323426,156.37,2841.28,-1731.92,156.54,2842.14,-1799.83,87.23,-61.72,-1367.73
26.367290,153.98,2844.91,-1735.20,157.27,2842.09,-1812.73,65.96,-43.48,-1503.61
26.413248,148.17,2849.06,-1740.62,154.40,2844.46,-1829.78,25.09,-13.25,-1633.80
26.457923,138.93,2855.51,-1747.66,147.49,2849.50,-1846.23,-30.96,26.10,-1730.89
26.503285,132.67,2856.87,-1749.72,139.57,2853.69,-1861.01,-76.62,47.15,-1793.72
26.548674,138.28,2855.58,-1747.90,137.16,2855.71,-1871.17,-69.13,46.28,-1815.02
26.594221,128.80,2860.93,-1754.59,131.46,2859.34,-1880.68,-86.98,56.96,-1825.50
26.667086,124.45,2864.01,-1759.51,124.73,2863.79,-1908.34,-89.74,59.07,-1847.77
26.732830,121.84,2868.99,-1763.21,120.65,2868.47,-1909.15,-77.07,64.62,-1745.53
26.787742,129.71,2870.31,-1764.91,124.07,2871.04,-1898.34,-23.70,57.74,-1645.25
