sample_id,captured_at,x1,y1,z1,x2,y2,z2,x3,y3,z3,x4,y4,z4,x5,y5,z5,x6,y6,z6,dt12,dt23,dt34,dt45,dt56,x_hit,y_hit,z_hit,vx_hit,vy_hit,vz_hit,t_hit,is_reachable,intercept_valid,bounces_before_hit
1,2026-04-04T13:59:40.432,-147.3636723,2460.850367,-948.3407678,-141.4419862,2373.584399,-990.5750592,-134.3666345,2286.37373,-1036.27348,-119.0549874,2203.947117,-1080.630423,-118.7196517,2117.169066,-1126.07745,-100.0839361,2055.815361,-1077.51054,0.0135443,0.012482,0.0126317,0.0129757,0.0158227,123.42478,59.14015,-917.1703601,561.6658554,-1488.826429,1356.63325,0.6070913,1,1,1
2,2026-04-04T14:00:21.021,140.284261,2545.655419,-942.5035998,135.1957547,2460.035487,-982.2828823,129.1084269,2373.626059,-1024.947528,121.5121664,2289.758153,-1067.9796,123.3986144,2207.001294,-1112.900551,108.9669584,2137.126154,-1084.666202,0.0177832,0.0150423,0.0136081,0.0138191,0.0156765,-81.25571711,12.31604326,-858.6827286,-5.427189437,-1767.051436,563.4756301,0.6732534,1,1,2
3,2026-04-04T14:00:28.045,-82.17026471,2502.640014,-1035.591182,-47.38751506,2418.330443,-1082.007287,-23.46235664,2336.642952,-1113.327714,-5.408839174,2277.262701,-1069.11686,18.28253421,2219.126919,-1025.563811,29.74724789,2157.832165,-989.7915445,0.0157129,0.0160944,0.0153919,0.0166894,0.0158214,587.0954545,314.8654571,-858.1637594,805.0307771,-2144.261541,1080.10807,0.6191936,0,1,1
4,2026-04-04T14:00:31.694,-92.97878512,2459.279867,-994.2039772,-99.58184177,2362.319538,-1040.518772,-106.1278431,2265.852622,-1089.229613,-103.287582,2177.805958,-1112.519948,-112.814717,2102.420093,-1072.023328,-109.0232216,2034.749984,-1027.720791,0.0160043,0.0160054,0.0170304,0.0150486,0.018678,-198.6214194,-39.00398,-910.2174304,-131.4363851,-2401.8049,1315.83249,0.5891681,1,1,1
5,2026-04-04T14:00:33.645,651.3843579,2575.633941,-925.6609159,645.2119243,2496.134878,-969.1467125,638.9220052,2416.926182,-1015.010298,640.6806751,2343.155505,-1056.28698,633.9195042,2266.064953,-1107.464908,631.2994613,2205.84724,-1072.646775,0.0163428,0.0160079,0.016404,0.0146964,0.0165278,609.9349806,277.6788477,-850.6125587,218.9462155,-1518.182302,810.6165433,0.6817431,0,1,0
6,2026-04-04T14:00:36.700,-165.2245499,2440.737584,-820.0628279,-149.4499184,2353.559462,-832.3360142,-170.5187787,2255.072245,-852.7953661,-163.3404746,2164.221,-870.6149037,-153.3641366,2078.249955,-889.6987727,-138.1463277,1998.919363,-912.9863895,0.0165152,0.0195518,0.0130108,0.015003,0.015555,-17.63250907,159.0508098,-1004.563296,452.9691376,-2462.555419,-1637.743378,0.4979302,1,1,1
7,2026-04-04T14:00:39.854,-169.0134528,2458.777053,-666.7679557,-157.2714342,2376.484561,-679.780072,-139.7274225,2298.058879,-690.5319764,-111.9167104,2222.436998,-705.5404394,-107.3403682,2139.791696,-725.2586732,-88.96191086,2062.643477,-745.9818613,0.0175306,0.0147092,0.0132801,0.0148226,0.0168291,276.305705,85.81588047,-1019.567585,380.1890609,-2087.595307,-1912.122293,0.6109241,1,1,0
8,2026-04-04T14:00:42.566,334.1912758,2443.997101,-753.1624871,311.3044447,2342.485986,-743.6828542,293.8453456,2247.324898,-742.2911929,289.8519085,2161.71772,-738.9523844,266.2907675,2066.368129,-744.1869352,253.6616333,1982.885675,-746.234795,0.0166253,0.0159792,0.0156996,0.015976,0.0153312,-156.5070762,29.97806255,-857.4832646,-637.8161165,-2636.707734,-487.9562733,0.5146692,1,1,1
9,2026-04-04T14:00:45.133,118.8690035,2522.465391,-676.6641051,154.6724305,2462.955066,-667.9555789,148.828993,2386.66231,-670.6183192,143.5655242,2308.323886,-671.2495708,142.2980372,2232.737407,-680.6965519,140.9730362,2157.754837,-689.2079881,0.0213648,0.0137157,0.0137339,0.0129097,0.0160441,70.33372101,22.63012797,-930.0463121,-220.5157067,-2545.747187,-1387.158667,0.6260272,1,1,0
10,2026-04-04T14:00:49.981,653.5588496,2594.719567,-664.8279243,655.8944536,2534.723305,-660.0808414,642.288845,2463.09432,-657.8353893,625.9310614,2389.952153,-659.9084351,605.3125586,2313.469567,-666.2066565,588.3319257,2240.077289,-673.9935503,0.0140301,0.0143281,0.0154949,0.013512,0.0127164,85.24446808,57.64715203,-1010.886834,-651.8139529,-2503.712917,-2148.628776,0.7144924,1,1,0
11,2026-04-04T14:00:53.294,-95.71086778,2493.861334,-721.536391,-74.10208017,2426.241017,-725.9041034,-71.61247387,2355.951547,-734.5132373,-95.66030246,2269.813326,-748.4473774,-78.19607146,2206.899619,-762.0331837,-77.2125736,2132.328439,-776.447042,0.0135245,0.0162745,0.0154857,0.0189613,0.0134179,-203.9948031,-48.49777072,-938.1037008,-57.18458603,-1907.756731,948.0617328,0.7515795,1,1,1
12,2026-04-04T14:00:55.328,-118.590878,2493.09641,-981.7992325,-102.5442645,2397.480906,-1020.163873,-83.87118515,2302.743174,-1057.58239,-69.86041904,2210.202423,-1099.795592,-47.62434131,2127.626812,-1109.661264,-33.4101664,2056.161856,-1071.176869,0.0188242,0.0132461,0.0146595,0.0161049,0.0156133,355.2713799,108.371679,-921.6557143,711.9388674,-2382.204246,1107.735002,0.5368251,1,1,0
13,2026-04-04T14:00:57.549,641.3115173,2641.400114,-1028.076771,650.0385493,2563.067314,-1058.635244,640.940936,2477.85119,-1094.062963,634.5535946,2411.00364,-1057.642529,629.1939453,2343.237806,-1018.37837,618.7167972,2273.7694,-987.5085988,0.0162819,0.0153179,0.0133233,0.0155303,0.0152751,468.9463102,-17.12697367,-868.9859939,11.21400184,-1630.024656,-627.9434417,0.7403561,1,1,0
14,2026-04-04T14:00:59.837,230.8256447,2540.302419,-918.4505638,222.7081812,2443.282772,-950.4515528,216.182516,2348.829452,-983.0157323,207.8910234,2254.862896,-1017.206478,215.5922764,2169.048245,-1045.599778,204.6483294,2071.273113,-1087.51014,0.0133078,0.0150417,0.0160798,0.012114,0.013007,139.7645908,-47.89805623,-930.4526005,127.4554598,-1999.183461,645.242096,0.586094,1,1,1
15,2026-04-04T14:01:02.079,518.2525041,2576.605845,-1021.500689,514.4427816,2497.433633,-1065.45305,512.7970478,2418.574206,-1108.949886,504.6226069,2355.420312,-1069.653988,500.3219137,2292.550702,-1031.651375,496.8615681,2233.534207,-998.2416098,0.0161317,0.0168419,0.0151459,0.0165534,0.0135349,380.1000942,85.94995395,-907.2864663,129.3009651,-1377.311686,-887.8766934,0.7691908,1,1,0
16,2026-04-04T14:01:03.853,400.3009781,2534.104157,-920.0323174,411.7498726,2437.809856,-959.9419233,405.7319322,2335.528067,-1008.846444,414.0539925,2243.070648,-1049.090238,414.4526428,2144.860784,-1097.143468,416.9657566,2060.315726,-1091.123518,0.0165053,0.0165187,0.015692,0.0164935,0.0149974,504.2044249,196.5472772,-994.661638,269.1721901,-3073.144972,-1950.889381,0.4639982,1,1,0
17,2026-04-04T14:01:07.262,-360.1953362,2495.273062,-970.9439271,-310.0133246,2430.508665,-997.0687634,-314.2401814,2347.545597,-1039.760743,-316.5190796,2265.514601,-1082.879125,-322.7578141,2183.848735,-1122.270666,-326.194623,2122.284449,-1082.08649,0.0165205,0.0160818,0.0169284,0.0190767,0.0132304,-366.1882931,0.254727314,-842.5469639,-461.5973176,-2696.781414,-34.93459039,0.7175921,1,1,2
18,2026-04-04T14:01:09.553,19.03335037,2521.100124,-1043.56991,49.20197231,2427.696322,-1089.127318,70.0059347,2338.549044,-1106.40586,99.83895202,2269.800577,-1065.861113,122.4483133,2196.604327,-1029.839676,147.0755299,2127.16252,-994.3284322,0.0174088,0.0160098,0.0159699,0.0158375,0.0200624,683.4422762,413.3860415,-1071.953763,1061.923276,-2319.449183,926.614795,0.4415748,0,1,0
19,2026-04-04T14:01:12.879,-345.3685245,2399.48027,-882.9534258,-317.2559423,2314.780313,-904.5387546,-323.9317967,2216.467773,-936.653489,-343.1718971,2115.663112,-971.0345749,-337.6099484,2031.386336,-1011.595444,-349.4413493,1939.251015,-1050.985125,0.0159562,0.014336,0.01422,0.0158717,0.0130732,-382.4646186,252.0157885,-1012.963709,-593.4103277,-4003.425732,-2179.624089,0.4442203,1,1,1
20,2026-04-04T14:01:16.176,-367.3275429,2495.292871,-1026.440187,-337.1875296,2423.87179,-1059.660422,-324.3377739,2347.84319,-1101.065646,-320.6116675,2275.078183,-1106.665142,-319.0920055,2212.622577,-1068.798648,-317.4099532,2151.928214,-1035.601771,0.0138852,0.0126896,0.0153822,0.0145498,0.0191328,-153.5823561,16.33058581,-939.5525834,13.85996858,-1877.176124,-1230.272773,0.7813852,1,1,0
22,2026-04-04T14:01:21.398,228.2201622,2572.330752,-1039.229214,225.820177,2488.579579,-1088.533766,224.8988946,2412.366754,-1101.226613,217.5083977,2347.17355,-1058.57539,209.3848577,2280.65137,-1019.76075,209.3960128,2219.717041,-983.2186786,0.0157066,0.0135356,0.0144488,0.0155305,0.0165054,141.8181894,-20.21025772,-829.4837279,68.51814033,-1642.129059,-438.1376815,0.7687249,1,1,0
24,2026-04-04T14:01:29.551,-193.5751232,2490.849876,-884.6425824,-178.5373191,2409.880209,-915.0388457,-172.1301074,2321.850042,-950.961712,-164.5035638,2240.089682,-987.9176264,-157.2959104,2158.257016,-1024.185586,-162.5345288,2071.925642,-1066.720321,0.0129213,0.0150394,0.020563,0.0151288,0.0135263,-50.04097789,20.15687324,-867.0065879,-36.30674154,-2445.397413,568.2697196,0.6846488,1,1,0
25,2026-04-04T14:01:31.763,-297.7504705,2441.130863,-511.9363885,-251.8949759,2375.273937,-511.2306033,-244.8480007,2293.221641,-515.0308679,-249.0063708,2210.201263,-521.8881028,-243.8742484,2129.868707,-529.9901064,-261.1624335,2042.87552,-542.5894978,0.0130307,0.0129771,0.0181918,0.0153703,0.0145331,-399.6256518,-287.305835,-818.5053979,-137.5567909,-2043.8342,-1556.011416,0.7142993,1,1,0
26,2026-04-04T14:01:34.222,361.6305284,2531.999174,-616.7933386,361.108395,2456.977099,-616.1942784,360.9112675,2381.472118,-618.7305197,355.0183662,2305.749219,-623.8237439,359.1934032,2235.295061,-628.970969,345.3750471,2155.805236,-641.5627719,0.0178536,0.0151448,0.0175909,0.0147111,0.0173941,257.2389282,63.50425981,-890.0534829,-69.05520097,-2145.264893,-1515.287998,0.6540193,1,1,0
27,2026-04-04T14:01:36.769,199.3610283,2476.22275,-570.8092118,190.9939888,2394.805698,-568.5084758,180.8619015,2316.701859,-567.6902588,186.0134285,2243.1034,-567.6495479,176.787393,2165.42177,-571.3341119,171.7939258,2090.217211,-576.1654712,0.0164136,0.0160989,0.0161187,0.0160518,0.0194786,14.82986468,-135.8676342,-801.2521771,542.3148534,-894.1518783,-807.6761857,0.6525609,1,1,0
28,2026-04-04T14:01:39.103,390.5805476,2515.652448,-664.3219681,400.1970907,2441.447731,-665.3421946,404.3339017,2363.482728,-669.3023622,423.6842324,2294.602261,-668.9680537,430.4867136,2221.463049,-677.8344778,436.1388062,2143.409337,-688.5344071,0.01696,0.0150023,0.015539,0.0172518,0.0165563,669.9230019,419.2175581,-822.2475059,720.8493799,-1019.950737,128.1192595,0.4961081,0,1,0
29,2026-04-04T14:01:42.671,-315.9607982,2433.741196,-642.3728544,-332.3381203,2359.79017,-648.9391515,-353.632281,2287.122814,-654.8381136,-369.9557899,2214.491191,-662.8745125,-381.1798656,2146.281447,-674.110001,-417.1140644,2067.714045,-692.5773015,0.0156941,0.0122283,0.013418,0.0125524,0.0143005,-840.0535632,226.3587309,-890.2137034,-929.771973,-2574.541897,-1399.273412,0.6079925,0,1,1
30,2026-04-04T14:01:44.786,56.24906043,2470.625894,-537.077935,54.61794272,2382.599041,-527.1574807,51.64275709,2295.630455,-519.2470613,54.93991276,2213.1259,-513.3040534,47.32802177,2125.83507,-511.4766719,58.61970045,2046.251683,-511.7240576,0.0160122,0.01599,0.0165143,0.0169741,0.0151182,41.26108562,71.3638421,-813.283325,-229.4495099,-2880.191223,1426.939188,0.480318,1,1,0
31,2026-04-04T14:01:46.952,341.3088568,2508.462554,-584.5587958,339.2386597,2428.579684,-576.7861642,349.3338398,2352.878805,-570.1919153,349.189532,2275.284299,-568.0378192,356.5549082,2201.371853,-567.3314131,356.0496104,2124.850926,-570.4776146,0.0185067,0.0132794,0.0140127,0.0168909,0.0159697,442.6777044,340.5963627,-800.7260653,133.5908712,-2622.020052,1086.873082,0.4733239,1,1,0
32,2026-04-04T14:01:49.261,105.0997102,2481.688435,-723.7622282,101.859403,2394.454573,-723.7233963,87.47139778,2303.385365,-726.9655331,101.2431643,2227.221605,-729.5590914,89.66249923,2142.017422,-735.6286541,86.07966033,2061.484915,-745.7476283,0.0151088,0.0169734,0.0167523,0.0156297,0.0161083,2.884700663,-7.357340936,-899.0547818,-65.50884076,-2554.258196,-1043.567787,0.560337,1,1,0
33,2026-04-04T14:01:51.391,-104.7245798,2417.723619,-550.1419397,-70.74724399,2309.14933,-579.3441531,-47.38947228,2199.958205,-608.9553486,-22.43788306,2096.275985,-639.3926162,-7.307400376,1986.291265,-674.6694744,18.50111538,1877.507937,-707.9565018,0.0179305,0.0158337,0.0155331,0.0160922,0.0172077,354.9173625,148.3903681,-803.1175373,592.2412596,-3682.153329,734.35196,0.3359934,1,1,0
34,2026-04-04T14:01:53.790,-19.33695174,2447.814995,-515.6762229,6.884614466,2326.897409,-552.3841223,18.44759123,2202.288618,-590.7872829,58.446213,2088.383639,-628.4103096,87.05578014,1973.421265,-669.7867435,111.5067235,1865.026876,-709.729919,0.0169654,0.0162677,0.0169419,0.0148501,0.0180152,410.8576118,19.47376526,-705.1018082,510.689486,-3648.602544,563.1768738,0.3334783,0,1,0
35,2026-04-04T14:01:56.948,503.8181666,2541.321789,-537.4176128,495.2505712,2434.302596,-575.8258537,473.5041638,2320.897427,-617.2450762,454.7810139,2213.954052,-659.5027926,428.9350577,2101.139983,-705.2909701,414.290257,1998.932282,-749.4175886,0.0175169,0.0158112,0.0158742,0.0184231,0.0144639,16.8308477,-36.48384244,-678.7608139,-923.8344963,-4060.868064,-348.0941525,0.4155566,0,1,0
36,2026-04-04T14:02:00.226,79.21978866,2468.369403,-548.5669787,70.47694066,2389.350542,-534.8313191,57.99594691,2310.082485,-523.302049,41.95950849,2230.150694,-514.6463583,35.99600244,2156.868719,-509.2747277,28.46414215,2081.281482,-505.8935273,0.0158534,0.0200559,0.0145399,0.0136876,0.0132388,-257.4945805,215.8787351,-854.8660713,-676.1745336,-2965.31457,2063.265364,0.4725578,1,1,0
37,2026-04-04T14:02:03.391,170.9656961,2554.818967,-975.9004181,155.8428094,2505.929527,-934.1810039,138.0376885,2455.399033,-895.965381,128.5801649,2408.665683,-856.994751,106.3874146,2355.37769,-825.5569687,102.1229531,2314.073956,-791.5817676,0.0220478,0.0151697,0.0137083,0.0148224,0.0155092,-474.8220963,106.4259394,-964.0871746,-18.99609602,-1469.691175,-1937.064346,0.940967,1,1,0
38,2026-04-04T14:02:06.175,-97.36009971,2399.076787,-979.4059824,-94.6150976,2344.734261,-917.7825572,-110.9029599,2284.209943,-868.5775096,-108.3535347,2233.638687,-816.8328258,-106.1895261,2182.384555,-770.142424,-121.9534411,2123.368654,-727.3279557,0.013885,0.0144648,0.0132169,0.0135661,0.0135738,-278.6633283,193.1462644,-852.5728312,-396.9168824,-2551.353527,2544.768002,0.714371,1,1,0
39,2026-04-04T14:02:09.264,-65.90443419,2529.359307,-1005.286107,-40.57421988,2438.595618,-1040.927832,-16.892303,2348.311118,-1079.055661,-4.732467373,2255.937949,-1120.408853,11.43845418,2182.894412,-1085.184417,19.50691663,2108.758027,-1050.774715,0.0178691,0.0152666,0.0170055,0.0143137,0.0165413,337.3864039,64.19041075,-897.8705734,107.6739328,-2812.576638,480.7738207,0.5737754,1,1,1
40,2026-04-04T14:02:11.692,554.8654346,2563.868428,-1053.743483,541.6825674,2465.306189,-1107.303285,528.9441951,2388.940247,-1062.079618,522.1720315,2317.273078,-1015.39366,511.131962,2245.025851,-975.0639438,500.608643,2172.066997,-936.0595676,0.0163468,0.0199245,0.0129734,0.0151363,0.0162963,351.5497138,-70.20488011,-885.5835753,-127.2441652,-2666.375616,1333.159004,0.6334936,1,1,0
42,2026-04-04T14:02:20.320,73.96502827,2552.215113,-1072.673118,36.87560983,2471.635407,-1116.253325,9.555537792,2407.205311,-1067.55757,-22.97383716,2343.992134,-1025.249112,-54.90786549,2279.264359,-985.2264435,-75.17346671,2220.040637,-946.2141252,0.0136764,0.0167052,0.0165994,0.016094,0.0142258,-735.9044079,204.9751476,-916.1912009,-401.4486041,-1633.964513,1714.829663,0.6548142,0,1,2
43,2026-04-04T14:02:22.508,306.320511,2534.900509,-1039.184868,285.4536655,2458.640388,-1085.924869,264.635259,2389.629511,-1103.961025,248.9936507,2334.914923,-1060.455794,224.8615247,2276.744454,-1021.912447,214.5387289,2224.524203,-985.3865626,0.0136393,0.0150664,0.0159804,0.0161157,0.0162512,-217.9780418,127.6004144,-918.2032894,-225.6767726,-1483.701826,-1367.232188,0.8863463,1,1,0
44,2026-04-04T14:02:26.560,-257.8019135,2436.681207,-781.9424319,-256.4542398,2355.314347,-794.123995,-270.8716689,2276.64938,-813.7960861,-261.8838316,2194.065242,-831.805963,-273.2220222,2111.768656,-857.0001457,-285.3839633,2029.826509,-885.0231636,0.0160804,0.0130522,0.0149149,0.0131115,0.0128229,-125.9015696,-104.9768165,-1003.852349,320.9120659,1385.489985,-2304.011301,1.4343865,1,1,1
45,2026-04-04T14:02:28.321,166.3940357,1273.071997,-824.5917032,162.6450155,1204.96443,-828.3443346,184.8931756,1171.607007,-826.7343315,173.5195326,1097.216495,-837.4186545,177.5280282,1041.636954,-845.7953157,175.06414,979.0875053,-858.0555303,0.0135739,0.0135183,0.0192436,0.0138027,0.0138269,229.2384392,45.94023433,-874.2852281,305.6450197,-1965.821116,434.5620672,0.3391604,1,1,0
46,2026-04-04T14:02:31.792,368.21757,2542.823862,-878.5258162,361.8565715,2462.615874,-915.3170652,360.2496635,2384.852649,-950.7885905,358.3211313,2309.331936,-989.4391044,348.5067407,2228.001034,-1035.113371,355.9780091,2157.084697,-1071.770317,0.0135756,0.0148593,0.0146618,0.0165061,0.0140498,342.0122896,-7.956151927,-881.8240187,111.4207572,-1494.515627,-1038.93788,0.8577344,1,1,1
47,2026-04-04T14:02:34.592,-298.3903523,2509.645676,-1048.012515,-268.8189038,2437.064229,-1079.985299,-265.0420373,2352.652155,-1121.853324,-261.1413787,2287.2779,-1089.657411,-259.980289,2221.071477,-1051.300764,-258.8226296,2154.949376,-1018.110424,0.0170586,0.0193374,0.0155104,0.0145646,0.0195434,-284.6764254,5.50702318,-888.5792338,-533.0892467,-2835.283633,-711.0688751,0.7031081,1,1,2
48,2026-04-04T14:02:36.629,-188.5933817,2464.35605,-638.8227317,-168.323014,2375.497915,-640.192006,-164.9478935,2284.596504,-647.5691597,-164.0927506,2190.271628,-659.1699747,-157.296584,2101.753182,-671.4142953,-151.3940565,2012.205291,-685.0427078,0.0164157,0.0161196,0.0160938,0.0154792,0.017014,-186.2181145,3.60633033,-801.5306463,31.72747746,-2692.255321,-300.3503763,0.4928719,1,1,1
49,2026-04-04T14:02:40.240,367.2908571,2531.955239,-584.1355935,364.0908794,2451.298141,-572.5378201,355.0548898,2367.351998,-564.8539233,339.243892,2284.348053,-560.3684945,328.2170239,2201.412242,-558.2335378,317.8319972,2120.438953,-557.6284731,0.0166521,0.0160175,0.0131719,0.0147354,0.0157132,40.34456454,194.3999605,-807.4957295,-343.8546652,-2869.728878,1597.319925,0.4707794,1,1,0
51,2026-04-04T14:02:43.985,319.4788939,2524.246233,-585.734299,322.2184199,2448.95327,-572.6657375,310.2574539,2367.493174,-563.3240153,301.7716491,2288.771831,-557.2943795,290.7784035,2209.767063,-553.2229714,281.4748962,2132.832788,-552.212465,0.0170009,0.0160607,0.0165026,0.0153807,0.0203754,25.39929303,211.4052807,-814.318971,-590.0101378,-2768.854158,1202.633788,0.4920725,1,1,0
52,2026-04-04T14:02:46.209,274.9409152,2512.327887,-541.6702285,294.665629,2444.362006,-531.608805,303.0350727,2371.142725,-523.6401042,323.5601675,2302.067482,-520.7802647,330.0488937,2230.161466,-518.8090979,346.3173593,2163.18843,-519.4768959,0.0155917,0.0168228,0.0137462,0.0169043,0.0170254,675.7482653,411.6319812,-776.2112585,763.5701616,-676.0237123,1297.233318,0.5146847,0,1,0
53,2026-04-04T14:02:49.024,316.6708251,2532.222816,-626.7415789,315.8850096,2455.04789,-621.6848885,317.066861,2381.849814,-618.370818,323.2293065,2308.404365,-616.8744701,323.8388124,2235.76438,-618.0187261,318.5844367,2157.434257,-621.9371443,0.0146689,0.0176433,0.0151214,0.0163533,0.0154857,382.8787645,-24.59882663,-883.0526345,18.88631038,-2251.825014,-1492.315735,0.6881051,1,1,0
54,2026-04-04T14:02:51.760,154.3693049,2481.626391,-522.8149019,146.3002239,2405.697809,-513.2905505,131.4489442,2326.918716,-506.4215157,128.7394088,2254.446469,-501.4227566,115.8706193,2179.255733,-499.402269,117.6501678,2109.639209,-499.385769,0.0170058,0.0155873,0.0128026,0.0149619,0.0155526,-99.47480079,279.5899678,-807.6109408,-288.3079546,-2210.780551,1553.352551,0.4838299,1,1,0
55,2026-04-04T14:02:54.001,-100.3536341,2444.56318,-554.0503816,-116.7870226,2357.147719,-543.2816021,-132.0079533,2271.996897,-535.995104,-144.2784893,2188.282227,-530.8257808,-157.9277742,2105.581645,-528.0765761,-175.7271752,2021.350814,-527.0968659,0.0157374,0.0162559,0.0163824,0.0133511,0.0134698,-515.1419252,108.7159034,-846.0316667,-893.0862725,-3311.213899,1788.712226,0.4610723,1,1,0
57,2026-04-04T14:05:11.592,493.2903598,2567.589168,-1003.565447,488.0884974,2490.582913,-1044.491547,481.1663123,2412.200996,-1089.083147,479.4948285,2344.918228,-1093.269234,474.3691245,2287.996816,-1055.254236,469.7922269,2229.983524,-1019.60056,0.01563,0.0147146,0.014794,0.0160183,0.0146888,275.1926902,59.94732831,-978.1088408,-80.34267477,-1887.880024,-1525.049316,0.7968009,1,1,0
58,2026-04-04T14:05:14.581,49.87772236,2475.956809,-817.9361992,19.59343355,2396.294601,-837.7309657,-5.332870347,2320.344283,-857.116097,-19.92889019,2250.329533,-880.0165107,-49.36094453,2173.532754,-910.0976155,-77.77977723,2097.695099,-944.3652188,0.0133735,0.0133639,0.0125655,0.0136399,0.0148207,-639.9249914,171.1480522,-953.1484341,-540.6193871,-2188.155931,1176.135595,0.6558596,1,1,2
60,2026-04-04T14:05:18.293,77.21974971,2432.889255,-498.6033281,67.32112111,2343.286027,-497.1060137,60.15495177,2256.879373,-496.4849216,54.5301712,2172.186644,-499.0690433,52.56134444,2090.122039,-504.7594207,45.34197481,2006.356333,-511.1196779,0.0127655,0.0133988,0.0140419,0.0166784,0.0157015,-169.7081747,186.8968547,-817.9514163,-407.0183698,-2454.275064,1586.017445,0.4321665,1,1,1
61,2026-04-04T14:05:20.457,497.5819756,2508.003242,-621.0103267,499.5985377,2428.179768,-616.4859002,505.4734456,2348.11487,-613.1133757,509.6874654,2269.82314,-613.5416141,508.5411608,2190.541368,-616.7766341,511.0689098,2110.819264,-622.2192267,0.0154948,0.0161488,0.0149463,0.015698,0.0156621,645.8894689,364.4114412,-815.8517322,412.6534583,-1920.450487,910.9350697,0.464484,0,1,0
62,2026-04-04T14:05:24.133,-137.0097087,2474.066393,-661.8056905,-126.4601085,2399.645241,-641.6234898,-137.3889829,2317.198425,-627.1960203,-147.6983474,2236.803569,-614.6815882,-154.5566763,2160.168575,-604.6957249,-161.4630871,2082.472539,-595.676197,0.0162766,0.0170669,0.0146765,0.0168735,0.0164543,-366.0420997,60.2083133,-820.4488935,-173.3880609,-2261.355146,1373.419555,0.5091003,1,1,0
63,2026-04-04T14:05:26.213,404.5390992,2542.397026,-791.0190535,400.7399976,2465.510604,-773.4760577,397.6474196,2391.074644,-759.5195755,397.4005435,2317.798477,-745.5743869,393.6929915,2242.448135,-736.5217539,391.9129361,2172.366789,-730.0258535,0.015651,0.0176138,0.0141595,0.0172221,0.0148726,299.7319742,-51.99230896,-943.2614328,-231.1505388,-2178.300937,-1374.963077,0.6889957,1,1,0
64,2026-04-04T14:05:28.597,-324.5385175,2450.523868,-660.7267644,-276.6711927,2384.895567,-647.4755308,-256.9149749,2310.866694,-641.4219501,-240.4076926,2237.161167,-637.4027285,-221.7800399,2165.25249,-637.2926926,-205.0689249,2091.539832,-640.6037388,0.0163315,0.0183698,0.0129259,0.0152576,0.0138834,350.1941774,102.9836952,-802.5537702,666.2090581,-1799.957817,-617.8998073,0.6117935,1,1,0
65,2026-04-04T14:05:31.044,83.08616493,2461.401535,-585.13371,81.56275196,2391.499045,-579.3092694,76.81865838,2320.506413,-574.8227514,77.23839114,2253.95486,-572.4950335,76.73509261,2184.342787,-572.3693708,80.21050451,2120.141942,-574.4158754,0.0130407,0.0155175,0.0166244,0.0163304,0.0162287,72.44316464,1.446277444,-883.0451697,61.65653044,-1651.05442,-1581.459919,0.7513755,1,1,0
66,2026-04-04T14:05:33.429,96.16180775,2510.546576,-608.35264,152.6277439,2459.166616,-584.1140233,140.6533033,2376.975299,-572.7113919,139.3825556,2299.757085,-562.8814482,138.2042198,2222.453058,-554.1442238,136.8543054,2146.956291,-549.9794946,0.0166966,0.0157388,0.0159747,0.0162955,0.0153802,71.01755156,251.7842648,-832.7550791,-79.27512844,-2102.387098,1541.116773,0.4962064,1,1,0
67,2026-04-04T14:05:35.476,-14.78900043,2493.091237,-723.1961359,-10.32188967,2413.12281,-736.374638,19.19098549,2339.696,-746.0435207,20.1736725,2255.379208,-767.0838748,40.93590309,2187.728163,-780.9506086,45.72027021,2105.291097,-803.0172842,0.0175363,0.0154393,0.0155225,0.0163168,0.0155691,326.31598,120.217169,-1014.442286,-296.3187551,-4468.549316,-2393.391361,0.5879274,1,1,0
68,2026-04-04T14:05:38.801,-612.6314046,2410.705592,-636.2770277,-592.7746942,2346.465439,-667.7096229,-621.9328161,2262.941523,-705.7720646,-625.598879,2190.755301,-745.3263199,-656.8049388,2114.611521,-787.81446,-646.1580531,2046.180447,-834.7234601,0.0163823,0.0151777,0.0156263,0.0165039,0.0164449,-229.3431769,-78.69686257,-862.4247833,532.6340056,-1109.562622,-940.1593097,0.9917329,1,1,1
69,2026-04-04T14:05:40.801,51.06153732,2418.561293,-452.9861404,84.42739096,2306.500716,-480.5561208,106.4973297,2193.368404,-508.8684736,147.5482436,2089.843132,-539.9504775,173.3919228,1980.174757,-571.2442424,204.5886514,1877.964345,-602.5502595,0.0169331,0.0154201,0.016016,0.0158303,0.0175384,593.9643432,240.4128875,-891.7223878,1209.529463,-2451.383596,1964.761496,0.2864293,1,1,0
70,2026-04-04T14:05:43.573,288.3800626,2448.091981,-480.89578,283.5453967,2328.520145,-521.5773877,288.8894648,2213.233489,-563.6541325,291.7462061,2099.558372,-608.351184,295.4420669,1989.181452,-653.9059893,293.9915357,1872.855461,-700.3767029,0.0153762,0.0155166,0.0156082,0.0195858,0.0133497,372.9034602,140.0768841,-707.685395,437.9507375,-4227.519335,1027.486124,0.3220309,0,1,0
71,2026-04-04T14:05:46.757,635.9761916,2524.914469,-589.7811767,605.5196583,2417.751777,-635.7478489,583.2650462,2318.529501,-678.3939406,564.3471298,2224.755547,-721.4944637,536.7700774,2122.769092,-771.5164509,514.314149,2027.386871,-817.6056166,0.0156019,0.0188151,0.0171895,0.0161777,0.0180198,-53.16290415,-227.209935,-808.71037,-729.3920303,-2796.481542,-1724.381115,0.5565542,1,1,0
72,2026-04-04T14:05:49.029,536.4844371,2483.184142,-320.6242769,499.2322105,2357.432306,-336.3802568,461.9406698,2232.847438,-352.5421608,422.8451357,2109.886204,-370.6736741,387.6529041,1992.164397,-388.1849762,347.2944607,1873.443372,-408.1416092,0.0175512,0.0154572,0.0148316,0.0135209,0.01553,-290.7600557,100.3472844,-947.951853,-2161.406732,-5256.219585,-2515.302974,0.2752622,1,1,0
73,2026-04-04T14:05:53.430,-162.3356522,2416.503902,-246.7522578,-122.5947817,2285.668404,-261.6529078,-103.3015178,2146.10237,-278.0302763,-82.3340359,2012.325115,-291.5695275,-68.69159934,1876.136768,-306.6267441,-41.10788132,1752.146538,-325.502626,0.0146009,0.0160285,0.0155078,0.0160238,0.0130048,198.6644308,-120.2533155,-815.5425695,993.1889378,-5231.513005,-2247.919611,0.2587,1,1,0
74,2026-04-04T14:05:58.278,359.0906959,2508.884862,-334.1967817,401.0240094,2402.142412,-360.8177059,397.9563601,2270.175982,-386.0399926,398.5589571,2142.632487,-412.7557667,397.7485727,2017.993387,-439.6731555,400.3956002,1897.185421,-467.7142832,0.0136091,0.0153576,0.0168233,0.0157113,0.0167486,371.652673,-36.89906679,-1007.842465,33.02953954,-5233.726832,2424.108848,0.2966648,1,1,0
75,2026-04-04T14:06:02.630,-5.924627138,2462.51462,-509.5499548,-6.265904953,2359.531461,-528.7238966,-2.302974016,2258.438231,-549.7559494,2.535785449,2161.354895,-571.8906923,15.95578924,2067.889291,-596.0127803,-233.0852477,1750.376951,-671.5064409,0.0180139,0.0175613,0.0176427,0.014837,0.015579,79.67775817,362.637789,-803.8893161,-64.77718909,-3469.019016,1263.192431,0.3222299,1,1,0
76,2026-04-04T14:06:05.216,538.2381613,2527.709219,-594.9605084,537.0228081,2451.723719,-616.8604468,542.7530784,2380.234829,-640.2220651,538.7870025,2303.004574,-665.9722032,538.4359143,2228.735948,-695.4596157,539.5246373,2155.704517,-723.3224796,0.0183781,0.0141292,0.016007,0.0192686,0.0129174,596.1534681,175.1404322,-1093.444005,300.4669128,-740.4666018,66.12877244,0.7179458,0,1,0
77,2026-04-04T14:06:07.829,214.8064572,2508.852292,-946.1479194,202.6155772,2426.778111,-984.4711157,193.6286982,2345.997497,-1022.492702,198.2610475,2272.026031,-1056.588464,188.2205772,2192.654035,-1102.487866,184.7024904,2124.838221,-1099.796864,0.0187372,0.0175035,0.012753,0.0129312,0.0146062,116.0566299,-26.07930086,-939.2101073,-290.0602408,-2399.383816,-1247.047756,0.8007787,1,1,0
78,2026-04-04T14:06:10.519,-398.1771366,2338.549495,-927.8559773,-371.8883021,2252.722646,-949.1399118,-357.9288045,2163.840741,-980.2759142,-338.543188,2072.424214,-1013.631387,-314.8081775,1990.068209,-1045.043664,-297.1598849,1902.957855,-1078.360982,0.0161453,0.0129643,0.0135224,0.0159883,0.0164058,45.46514374,-37.08654833,-955.5482864,199.2826173,-2391.110274,809.7882138,0.5583044,1,1,1
79,2026-04-04T14:06:12.827,521.7217987,2606.520634,-935.9339099,527.5651596,2532.984164,-955.8301028,517.9925812,2450.261323,-986.1746194,510.6549592,2370.696841,-1016.219236,502.6270915,2290.21191,-1050.186351,490.4423107,2209.319127,-1086.547533,0.014069,0.0170293,0.0158935,0.0168654,0.0147708,252.0136296,50.18975145,-978.2240078,-185.0857915,-2088.556908,-1117.475411,0.7223186,1,1,0
80,2026-04-04T14:06:19.240,-331.2002794,2459.786718,-1032.175378,-315.3513333,2375.167051,-1075.267567,-295.9979994,2292.247702,-1119.625987,-280.1906441,2225.014931,-1086.389356,-267.3377924,2160.525116,-1047.615312,-253.9389134,2096.146428,-1013.817189,0.0144341,0.0155972,0.0162423,0.013395,0.0166975,194.8319027,48.06121933,-837.730309,565.1404355,-1650.071507,45.80448976,0.6766169,1,1,1
81,2026-04-04T14:06:21.077,393.5183444,2568.208441,-873.6047955,402.6821255,2479.650009,-869.4861074,410.997242,2392.167122,-868.5762287,421.7265124,2306.940623,-869.2450558,429.6598245,2218.902491,-872.2905535,444.9048998,2139.829015,-875.1134255,0.0165608,0.0141489,0.0141113,0.0205636,0.0146009,691.6266819,426.267249,-935.9337219,865.6550465,-1892.550217,-131.9450236,0.4082362,0,1,0
82,2026-04-04T14:06:23.567,203.3605244,2548.817068,-832.485763,228.0238802,2481.464227,-806.2719616,228.6507156,2403.852314,-791.4627719,225.911777,2324.648929,-782.9282666,223.4621663,2247.466517,-774.6264253,216.5760821,2169.489265,-770.611457,0.0170392,0.0156025,0.0160636,0.0151791,0.0170618,139.015628,-21.70480757,-911.1499185,-40.36901453,-2600.222585,-879.1546711,0.6024419,1,1,1
83,2026-04-04T14:06:28.743,-491.7432582,2345.723996,-750.6676024,-481.2772491,2247.111676,-722.9686251,-478.7561672,2150.008798,-700.5035593,-468.9260366,2056.93614,-681.2172934,-453.8728286,1969.117568,-663.7945639,-453.9891324,1875.941455,-650.732475,0.0157544,0.0162292,0.0160458,0.0163756,0.0132226,-345.5938635,-99.36108579,-976.4989718,-60.95882867,-2878.02888,2205.88832,0.4541342,1,1,1
84,2026-04-04T14:06:30.935,-394.3171282,2458.546207,-790.0624489,-383.5974703,2369.781168,-772.2670919,-391.0219187,2273.826832,-764.243045,-378.9779192,2187.447657,-750.0601811,-405.687827,2087.433548,-750.4450019,-395.2261009,2001.978287,-747.612072,0.0150021,0.0166456,0.0150533,0.0156202,0.0161277,-461.7279882,-80.76604046,-835.258085,-146.2920852,-3039.082915,293.0989038,0.4803623,1,1,1
85,2026-04-04T14:06:33.398,462.8288167,2528.651193,-724.1949761,467.8855325,2442.82327,-714.133784,468.8648677,2352.490575,-706.4296769,471.6836458,2268.11562,-702.0668945,472.6344136,2179.572727,-700.6541562,474.7112993,2095.541514,-699.6244053,0.0169697,0.0158927,0.0162249,0.014536,0.0167788,583.0075427,231.399977,-852.6629788,343.7666765,-2114.223283,800.4023219,0.4512957,1,1,0
86,2026-04-04T14:06:35.910,149.0802382,2520.609607,-725.2306023,145.9218264,2443.933689,-717.459206,136.7460739,2362.515965,-713.7183535,130.7991454,2283.029473,-711.1195839,113.7086575,2198.713468,-712.6420401,110.3903471,2126.33998,-713.5765279,0.0125362,0.0131778,0.0149086,0.0163429,0.0147613,-116.610128,-37.68066422,-892.4892409,6.754248039,-1942.098569,-1008.992697,0.6248515,1,1,0
87,2026-04-04T14:06:38.213,-222.033253,2472.817127,-689.6201981,-187.1108157,2387.298272,-703.8832671,-165.1011565,2300.132364,-725.288901,-167.0263181,2206.092572,-752.7015286,-146.5880669,2122.056925,-773.2171859,-142.5009352,2031.405713,-799.758989,0.0200097,0.0130949,0.0145188,0.0160387,0.0167938,84.58718708,37.04216315,-943.6995889,217.9354216,-2786.592554,-1505.264223,0.5283234,1,1,0
88,2026-04-04T14:06:40.799,453.0410262,2526.334082,-575.587503,459.2126222,2455.22153,-581.2042838,455.9974301,2385.324636,-590.6921674,465.214236,2318.514071,-601.0212135,467.8927057,2250.994707,-611.7947622,469.193792,2182.167957,-628.8306481,0.0153406,0.016471,0.0163877,0.01507,0.0162401,639.0091247,322.342841,-884.3203253,517.7687711,-601.4150931,-1262.296528,0.6575959,0,1,0
89,2026-04-04T14:06:43.571,-51.72552748,2442.426324,-622.066117,-61.81049186,2354.366418,-607.4336877,-79.0496424,2266.218923,-597.7037537,-83.46500483,2183.991516,-590.26664,-99.89954339,2100.539621,-585.1265242,-96.42163426,2024.725136,-583.1764549,0.0154195,0.016062,0.0155319,0.0186655,0.0148383,-420.8291042,160.5911976,-818.2568229,-715.8575515,-2835.077457,1336.648107,0.4938948,1,1,1
90,2026-04-04T14:06:45.604,43.52447036,2494.862112,-680.5996879,42.03467802,2401.1856,-678.0626843,52.30143051,2312.997569,-675.0355263,64.11512537,2223.43583,-675.6980177,78.78729833,2139.794832,-676.074066,74.61824142,2047.18964,-681.261606,0.0163637,0.0168422,0.0129878,0.0143139,0.0158247,373.8170631,50.21088405,-805.7127607,485.5314152,-2543.520311,141.0184361,0.4845543,1,1,0
91,2026-04-04T14:06:50.025,-250.9519146,2385.212059,-547.1448732,-239.5424128,2259.221632,-570.8763087,-226.0358455,2139.337221,-595.9702881,-222.6830744,2015.929223,-622.0863848,-188.1230606,1911.374944,-644.7025551,-187.0458175,1786.618964,-678.9838969,0.0159043,0.0162975,0.0149094,0.0163385,0.0177637,-231.8689095,6.763438489,-904.5821205,87.80159258,-4270.96129,1920.11622,0.2703775,1,1,1
92,2026-04-04T14:06:54.771,437.9224802,2505.732179,-396.7349566,412.9704508,2420.703033,-410.3727889,401.2100398,2342.768111,-424.3838573,387.7754576,2264.422148,-442.0779903,370.5805301,2184.92649,-459.5728182,355.4942951,2106.727171,-480.4192208,0.0159932,0.0160312,0.017002,0.0136891,0.0145237,44.00661777,-160.9165812,-805.4368706,-403.7721583,-2494.704978,-1460.623929,0.6909623,1,1,0
93,2026-04-04T14:06:56.849,-425.7482929,2424.849955,-667.6121447,-431.8318307,2324.979699,-679.3307599,-439.9069047,2224.676364,-701.5490942,-431.2153748,2134.370597,-719.0668627,-460.5905327,2026.14625,-742.7199356,-449.9489495,1936.404889,-761.2452876,0.0165168,0.0163868,0.0163348,0.0185399,0.0148298,-544.1990463,144.0313461,-804.8057493,-223.6875934,-3367.221019,-238.4007763,0.4141733,1,1,0
94,2026-04-04T14:06:58.741,528.2532835,2530.365044,-777.8045405,530.5414048,2442.258114,-782.2203583,534.5506629,2355.982722,-789.1861468,533.1724049,2268.801969,-800.7145883,538.5302486,2185.667091,-810.7411958,535.1219554,2098.59714,-827.2489187,0.0140066,0.0164708,0.0159622,0.0166171,0.0153322,589.7519339,203.4549694,-949.3288499,166.4781952,-2314.297899,-1069.80648,0.4826288,1,1,0
95,2026-04-04T14:07:01.449,129.7462059,2539.897225,-862.7007933,139.614567,2458.699471,-843.4389451,129.9521755,2367.246301,-834.5552908,136.0728819,2285.016521,-822.5059838,120.7836696,2194.683564,-819.4072182,110.4450225,2105.192065,-818.7669814,0.0156003,0.0166555,0.0145891,0.0130389,0.0160397,35.19127225,11.70357146,-916.4272145,-189.5370443,-2960.436387,-715.4529933,0.5164574,1,1,0
96,2026-04-04T14:07:03.602,305.2547691,2505.027125,-591.7647906,315.5509218,2450.420749,-565.5680756,318.8887459,2394.294427,-542.2272708,331.9481418,2341.348044,-521.6105949,338.6281793,2288.52606,-503.7152583,339.5714856,2231.856154,-488.8713522,0.0132292,0.0135522,0.0163813,0.0156073,0.0168191,677.4810179,438.1894923,-664.1347423,672.0522016,-258.3001076,555.5526085,0.7192482,0,1,0
97,2026-04-04T14:07:06.873,64.27496073,2484.926939,-486.0893267,88.13806852,2433.336599,-444.358273,86.12096672,2368.996297,-405.0244284,90.63528989,2308.10698,-369.2198838,90.90032132,2246.792724,-336.5598697,93.83734759,2185.963059,-306.4578629,0.0161631,0.0139988,0.0152717,0.0156603,0.0141108,191.1632888,138.5944824,-958.9479396,226.0688318,-2461.213077,-3394.900796,0.612039,1,1,0
98,2026-04-04T14:07:13.367,29.38766768,2485.289356,-579.7098768,34.12100693,2433.878548,-567.614739,32.04550983,2378.751645,-559.6574332,31.43555269,2324.868604,-553.2183207,27.1638694,2270.7541,-549.9625555,22.71240542,2216.295003,-548.6130512,0.0122466,0.0135535,0.0134578,0.0159126,0.0160949,-120.7863222,49.07329321,-868.5429073,-149.9847371,-1452.289877,1062.210544,1.0553441,1,1,0
99,2026-04-04T14:07:15.973,149.3767299,2529.32536,-797.36979,175.3505795,2482.782414,-773.2543761,160.5599883,2416.85525,-761.2960867,165.208393,2363.490994,-746.5567788,164.7167467,2303.153953,-736.2309939,152.8791063,2243.986625,-728.6941978,0.0164195,0.0129774,0.0126097,0.0148739,0.0139514,41.34770452,5.567375224,-892.2052924,-138.3149428,-1502.61316,394.7245885,0.9887163,1,1,0
100,2026-04-04T14:07:18.488,532.2608934,2571.934828,-895.6274343,521.9553112,2499.527836,-888.6401156,508.2842317,2426.683009,-884.6852994,501.0807047,2357.188725,-880.9617304,488.5531832,2285.680934,-882.4790151,479.4717208,2216.83978,-884.5091569,0.0155397,0.0149709,0.015092,0.0129864,0.0126702,139.5143452,7.974739972,-916.5257237,-406.6608566,-2147.787503,-129.3393023,0.7965731,1,1,0
101,2026-04-04T14:07:21.156,-287.0141122,2426.297697,-685.1602737,-300.1711026,2353.164765,-665.8895307,-306.7216083,2284.46375,-652.3573194,-307.6217612,2217.5213,-641.1251996,-320.9196266,2146.233691,-632.6381618,-323.4858681,2081.775182,-622.8602366,0.0162057,0.0160511,0.0165285,0.0166659,0.0169161,-556.0669628,-58.39847636,-822.7159896,-393.1322568,-2004.495608,-1244.347675,0.7476877,1,1,0
102,2026-04-04T14:07:23.587,331.7723868,2515.265293,-844.8637754,316.1459205,2433.771654,-871.0451989,303.4955315,2355.160647,-897.3109428,288.8578407,2275.072708,-927.2227452,275.6574451,2198.126038,-957.0803016,254.4119697,2115.551967,-993.0459967,0.0170976,0.0161846,0.0154739,0.0174349,0.0160174,-56.52887053,20.04467746,-885.0746477,-411.2156421,-1975.5383,210.3086669,0.7026998,1,1,0
103,2026-04-04T14:07:25.941,251.3850313,2532.056548,-654.0413637,261.3618226,2462.395034,-633.7248016,257.4684751,2387.810574,-615.1416561,252.7931462,2311.039017,-601.0284392,245.8658728,2236.958277,-591.0072134,237.3296115,2161.140615,-582.5625018,0.0158974,0.0169202,0.0154903,0.0161301,0.0172535,49.75495471,225.0692683,-808.4263288,-26.76262529,-1865.81844,1518.193866,0.5178526,1,1,0
104,2026-04-04T14:07:28.504,361.8393601,2507.670018,-575.8830555,362.381744,2444.695494,-559.4754474,370.3632604,2384.107612,-545.7361315,366.1800192,2321.186294,-535.1195074,368.9954469,2261.734642,-526.6580385,371.6673068,2201.25193,-520.4816174,0.0140786,0.0156408,0.0171944,0.0150101,0.0169333,416.4458359,42.1139643,-873.6957735,99.93476831,-1247.209993,-1692.679356,0.8626306,1,1,0
105,2026-04-04T14:07:30.933,-122.0004189,2482.657482,-654.411551,-68.60826117,2422.515959,-642.6897141,-50.48657339,2348.606345,-639.379819,-43.45786017,2269.147158,-638.3884016,-25.91465942,2196.062717,-638.4475248,2.132724897,2128.645879,-639.9008776,0.0138896,0.0157464,0.0153822,0.0134378,0.0133984,419.4009553,-3.359008055,-836.5957828,370.3590467,-2636.777344,-1023.312218,0.6322649,1,1,0
106,2026-04-04T14:07:34.473,-306.1915195,2464.298606,-992.2448935,-302.1311581,2387.565988,-1035.576366,-293.5964797,2313.33577,-1080.277183,-281.7176996,2242.787075,-1122.139851,-277.275815,2186.503416,-1081.624455,-262.7487346,2138.829116,-1039.971272,0.0136584,0.013823,0.0137471,0.0150317,0.0155932,-3.159493981,35.90316139,-927.4711248,64.72709642,-1954.847478,-1250.521679,0.8472765,1,1,1
107,2026-04-04T14:07:37.367,500.6823414,2556.182112,-915.2062674,480.5635335,2484.105272,-955.5133838,462.9086196,2414.608299,-996.7939771,444.7046158,2344.527134,-1039.544815,428.5517686,2276.187446,-1083.525327,413.6285202,2213.869502,-1103.297642,0.0152236,0.0170061,0.0151404,0.0166853,0.0153817,-45.39467854,116.5662147,-991.4462466,-435.969657,-1752.876337,-1632.896851,0.9121117,1,1,0
108,2026-04-04T14:07:39.957,428.2644322,2567.429461,-703.5589344,456.2612662,2503.423385,-680.5755155,459.6902323,2425.026711,-666.897145,454.6243575,2341.227682,-658.8008891,447.6278799,2259.954994,-653.5022017,446.9865943,2180.002707,-647.1773989,0.0166096,0.0159094,0.015879,0.0172656,0.0151096,441.7834523,-87.72894919,-804.1827849,293.2092094,-1254.288903,-379.9161617,0.6243916,1,1,0
109,2026-04-04T14:07:42.216,389.0629743,2548.746903,-718.7936139,398.5185718,2464.306918,-711.2684975,410.9398245,2379.458889,-704.8848418,431.3012121,2303.199388,-700.1631501,430.126651,2215.927856,-702.1116769,442.2786882,2135.623879,-703.0234576,0.0155995,0.0164537,0.0159363,0.0172107,0.0198525,623.3306426,313.6581861,-839.9050256,446.417237,-2853.630039,699.3895195,0.4382213,0,1,0
110,2026-04-04T14:07:45.368,109.3486392,2488.508862,-572.8687248,103.7085997,2420.534007,-562.090461,96.52349664,2352.78735,-553.8625398,89.39073226,2285.805065,-547.9478537,75.97188496,2217.698935,-543.9850449,72.08498631,2151.060977,-543.6773739,0.0149604,0.016523,0.016055,0.0162308,0.0150137,-213.2114178,-53.92316318,-883.4169782,-118.2927078,-1446.009383,-1543.745392,0.7976443,1,1,0
111,2026-04-04T14:07:47.849,-309.0939989,2453.657648,-652.4449265,-295.0775006,2383.825002,-637.3335583,-313.4550423,2300.508098,-628.9750144,-327.2651175,2220.728667,-625.013071,-331.1557424,2143.184874,-620.3174417,-340.7361381,2067.508998,-618.6217123,0.0158026,0.0162988,0.0165394,0.0158603,0.0160258,-687.4029989,62.3811983,-766.9634678,-964.0234449,-2959.862371,86.51044787,0.5445644,0,1,0
113,2026-04-04T14:07:54.058,165.6685226,2517.471256,-881.4935167,169.1636834,2442.766698,-892.0429991,164.6637382,2365.677568,-908.085852,171.0878832,2295.052696,-922.2364886,172.1930505,2221.602145,-941.3057738,175.9799657,2150.974091,-960.6671986,0.0199365,0.0133085,0.0150218,0.0163583,0.0149032,274.6064363,49.03724045,-958.6789558,242.4442551,-1728.128336,-851.3301598,0.7726276,1,1,0
114,2026-04-04T14:07:56.783,311.1850578,2525.99943,-597.0789893,325.2828817,2471.871415,-590.4436057,325.5096729,2412.248861,-588.8151508,334.4754063,2355.13057,-587.754719,340.3348914,2300.055487,-590.8380751,347.8936239,2244.768532,-595.2008434,0.0159571,0.0159484,0.014428,0.0148412,0.0149749,571.7623974,192.9128777,-881.1533736,454.2849461,-644.0780182,1220.431905,0.9631817,1,1,0
115,2026-04-04T14:07:59.834,-212.9224628,2398.957405,-643.1869005,-178.9786952,2304.123993,-662.8465822,-173.57481,2201.104563,-687.6585987,-144.6939864,2108.160073,-713.0069722,-113.1049413,2019.025295,-739.6488394,-109.6610498,1917.154968,-769.8985162,0.0140765,0.0130136,0.0135202,0.0131353,0.0132069,185.9970012,0.853677908,-801.0836908,196.117435,-3375.038714,-682.5271634,0.4469152,1,1,0
116,2026-04-04T14:08:02.632,373.7450152,2541.794915,-611.6065766,380.7094034,2473.578448,-603.4826702,373.9513697,2398.64096,-599.7332162,358.5691578,2321.707181,-601.0742573,356.9040439,2252.236099,-602.3412867,340.0794331,2172.842686,-608.7220995,0.0170495,0.0159329,0.0133849,0.0148374,0.0169236,90.86137919,-30.03760987,-867.827495,-394.5684365,-2309.445419,-1258.359868,0.6738953,1,1,0
117,2026-04-04T14:08:05.465,-272.0583647,2422.013068,-625.8176885,-270.3119158,2350.598164,-617.0299875,-275.935074,2274.21942,-615.5475631,-280.7529744,2201.07491,-612.6323285,-285.6231025,2127.366461,-613.2645612,-273.3268893,2062.866994,-614.8288478,0.016761,0.016566,0.0133971,0.0150012,0.0122724,-274.6329408,-40.97361527,-888.9299786,-721.9627966,-3119.507003,-1663.705654,0.7138248,1,1,0
118,2026-04-04T14:08:09.624,-5.004678683,2472.742,-557.1548469,-32.20125352,2404.576799,-549.1148357,-59.2945267,2338.581672,-542.897228,-91.91194825,2269.853016,-541.0873425,-117.8012369,2205.449731,-541.6090004,-130.8556297,2146.04533,-542.6003933,0.0187928,0.0168247,0.0179286,0.0146666,0.0161703,-862.7432221,390.5747568,-719.9390497,-1091.160325,-2231.806638,128.1569813,0.5720543,0,1,0
119,2026-04-04T14:08:14.360,-482.0962175,2429.259455,-815.9869271,-498.369086,2339.430347,-824.2533924,-500.8572554,2255.962305,-828.9431119,-502.5195354,2171.875819,-838.9055055,-499.60752,2096.494232,-853.6687337,-498.5555226,2019.168432,-865.4185178,0.0179759,0.0138093,0.0141599,0.018148,0.0133799,-623.6483836,186.1517659,-1000.620719,-412.1122983,-3118.613483,-1545.814567,0.4830537,1,1,1
