source,time_ms,meas_x,meas_y,meas_z,kf_x,kf_y,kf_z,kf_vx,kf_vy,kf_vz,pred_x,pred_y,pred_z,intercept_x,intercept_y,intercept_z,bounces
measured,0.0,-486.5,2476.5,-1065.9,-486.5,2476.5,-1065.9,,,,,,,,,,0
measured,17.4,-456.4,2405.4,-1118.8,-456.4,2405.4,-1118.8,,,,,,,,,,0
measured,34.0,-428.7,2344.0,-1085.7,-428.7,2344.0,-1085.7,,,,,,,,,,0
measured,49.0,-412.9,2283.4,-1044.6,-412.7,2283.3,-1046.1,,,,,,,,,,0
measured,64.1,,,,-412.7,2283.3,-1046.1,,,,,,,,,,0
measured,79.0,-369.8,2168.7,-959.0,-370.5,2168.3,-960.2,1410.6,-3767.4,1190.7,,,,,,,0
measured,98.2,-346.2,2111.6,-923.8,-345.8,2107.5,-920.9,1357.5,-3611.0,1317.0,,,,,,,0
measured,114.2,-330.9,2050.3,-895.3,-329.1,2051.1,-893.1,1299.2,-3556.3,1299.2,,,,,,,0
measured,127.2,-319.1,1998.3,-867.4,-317.2,2001.0,-868.4,1249.4,-3539.3,1271.8,,,,,,,0
measured,137.8,-301.3,1940.8,-840.5,-303.3,1950.0,-844.7,1234.5,-3579.4,1258.1,,,,,,,0
measured,154.8,-259.9,1892.5,-812.2,-268.1,1888.4,-813.0,1270.7,-3542.6,1163.6,,,,,,,0
measured,169.3,-244.5,1839.5,-789.5,-244.1,1837.2,-789.2,1281.3,-3514.1,1079.5,,,,,,,0
measured,187.7,,,,-244.1,1837.2,-789.2,1281.3,-3514.1,1079.5,,,,,,,0
measured,200.6,-213.1,1730.0,-759.6,-209.8,1728.8,-757.3,1251.4,-3443.4,815.4,,,,,,,0
measured,215.9,-194.9,1675.8,-744.7,-194.4,1675.9,-744.9,1235.9,-3414.6,698.4,,,,,,,0
measured,233.1,-199.0,1613.0,-739.6,-192.5,1614.0,-738.0,1182.7,-3386.5,545.9,,,,,,,0
measured,248.2,-162.6,1572.0,-727.9,-169.9,1568.2,-729.5,1169.6,-3346.8,416.1,,,,,,,0
measured,266.7,-162.2,1512.4,-726.0,-159.0,1510.9,-725.5,1118.2,-3304.3,372.7,,,,,,,0
measured,281.2,-148.2,1460.1,-722.5,-148.2,1461.8,-723.1,1077.9,-3282.0,231.7,,,,,,,0
measured,306.0,,,,-148.2,1461.8,-723.1,1077.9,-3282.0,231.7,,,,,,,0
measured,318.9,-124.1,1353.7,-723.3,-123.7,1352.1,-723.8,1006.5,-3181.6,-142.0,,,,,,,0
measured,332.0,-101.7,1308.1,-727.7,-105.9,1310.3,-727.5,966.6,-3149.5,-294.3,,,,,,,0
measured,351.4,-96.1,1253.0,-736.0,-93.7,1252.7,-735.9,917.5,-3097.9,-480.1,,,,,,,0
measured,364.3,-73.5,1216.6,-745.3,-77.3,1215.8,-744.6,892.8,-3042.3,-615.4,,,,,,,0
measured,377.4,-71.2,1151.4,-758.4,-68.6,1161.3,-757.0,852.7,-3017.2,-758.5,,,,,,,0
measured,392.2,-57.3,1107.6,-772.6,-56.9,1108.3,-772.2,808.1,-2988.0,-912.5,,,,,,,0
measured,408.2,-43.7,1060.2,-789.3,-43.8,1057.4,-789.7,766.4,-2978.0,-1064.7,,,,,,,0
measured,424.0,-19.0,1026.6,-802.3,-23.0,1019.2,-804.9,770.7,-2938.0,-1204.3,,,,,,,0
measured,436.0,-1.3,993.5,-823.0,-4.7,990.3,-821.7,789.5,-2907.3,-1312.4,,,,,,,0
measured,450.7,-9.2,918.4,-852.0,-0.7,930.4,-848.6,784.4,-2910.2,-1451.2,,,,,,,0
measured,466.1,,,,-0.7,930.4,-848.6,784.4,-2910.2,-1451.2,,,,,,,0
measured,482.1,4.6,816.4,-908.8,7.5,817.7,-908.5,761.9,-2892.5,-1721.0,,,,,,,0
measured,501.3,23.1,781.7,-937.8,20.5,774.0,-940.6,727.0,-2880.8,-1892.1,,,,,,,0
measured,514.4,34.9,739.2,-970.1,32.3,738.9,-968.9,735.1,-2878.7,-2017.7,,,,,,,0
measured,528.1,43.1,695.5,-1005.1,42.6,697.7,-1003.0,718.1,-2876.5,-2159.7,,,,,,,0
measured,543.1,54.3,653.9,-1038.8,54.0,654.3,-1039.2,703.2,-2879.8,-2308.8,,,,,,,0
measured,557.1,,,,54.0,654.3,-1039.2,703.2,-2879.8,-2308.8,,,,,,,0
measured,571.0,80.9,579.9,-1116.3,79.7,578.8,-1115.8,679.9,-2805.7,-2537.5,,,,,,,0
measured,586.2,75.5,521.9,-1098.0,80.8,526.5,-1116.4,658.1,-2794.3,-2595.4,,,,,,,0
measured,601.2,80.9,484.8,-1059.9,83.2,483.2,-1086.2,620.8,-2766.5,-2558.4,,,,,,,0
measured,619.4,98.5,458.8,-1026.0,98.5,458.8,-1026.0,,,,,,,,,,1
measured,634.6,,,,98.5,458.8,-1026.0,,,,,,,,,,1
measured,652.6,,,,98.5,458.8,-1026.0,,,,,,,,,,1
measured,664.8,36.6,173.2,-954.3,36.6,173.3,-954.3,-400.4,-4078.7,1275.6,,,,,,,1
measured,682.5,17.7,120.6,-951.0,18.2,120.6,-950.7,-553.5,-4107.9,996.4,,,,,,,1
measured,696.5,,,,18.2,120.6,-950.7,-553.5,-4107.9,996.4,,,,,,,1
measured,712.7,218.2,393.4,-868.4,200.0,364.8,-875.0,361.3,-2372.6,934.0,,,,,,,1
measured,732.5,192.3,285.4,-853.9,217.2,333.5,-849.8,585.5,-1928.5,815.9,,,,,,,1
measured,746.6,-20.8,56.1,-963.1,217.2,333.5,-849.8,585.5,-1928.5,815.9,,,,,,,1
measured,759.2,-21.2,55.3,-963.5,30.4,109.0,-938.2,85.7,-2168.4,254.3,,,,,,,1
measured,769.7,-24.2,48.8,-964.6,-26.2,43.6,-966.0,-155.2,-2247.0,5.2,,,,,,,1
measured,784.9,-22.7,52.0,-964.0,-53.0,14.0,-979.8,-287.1,-2222.9,-220.6,,,,,,,1
measured,804.8,-20.8,56.1,-963.1,-48.8,21.9,-978.6,-358.9,-2129.5,-447.6,,,,,,,1
measured,819.0,-21.3,53.8,-963.5,-35.4,37.8,-972.3,-398.6,-2035.1,-597.2,,,,,,,1
measured,834.1,-20.8,56.1,-963.1,-26.2,49.7,-968.0,-417.5,-1931.2,-736.1,,,,,,,1
measured,850.8,-23.0,51.3,-964.1,-22.5,52.9,-966.3,-425.1,-1826.3,-875.6,,,,,,,1
measured,865.6,-23.1,51.1,-964.3,-21.6,53.1,-965.8,-466.3,-1633.3,-1013.0,,,,,,,1
measured,883.1,-23.1,51.1,-964.3,-21.8,52.5,-966.0,-509.1,-1419.5,-1173.5,,,,,,,1
measured,898.7,-21.2,55.3,-963.1,-21.1,54.5,-965.4,-541.3,-1150.0,-1287.1,,,,,,,1
measured,912.8,-19.4,59.2,-962.4,-19.7,57.9,-964.7,-531.6,-767.2,-1357.5,,,,,,,1
measured,926.7,-23.1,51.1,-964.3,-21.5,54.4,-965.7,-583.8,-770.3,-1361.4,,,,,,,1
measured,936.9,-23.1,51.1,-964.3,-22.5,52.4,-966.1,-679.6,-865.1,-1328.9,,,,,,,1
measured,957.5,-21.2,55.3,-963.5,-21.9,53.8,-966.4,-352.6,-379.6,-1239.5,,,,,,,1
measured,969.0,-20.6,56.4,-962.9,-21.1,55.5,-965.4,3.7,8.6,-1014.9,,,,,,,1
measured,986.6,-21.3,53.8,-963.5,-21.0,54.8,-965.6,6.0,11.9,-1041.0,,,,,,,1
measured,1001.9,-23.1,51.1,-964.3,-22.3,52.3,-966.1,-0.1,-0.6,-1037.0,,,,,,,1
measured,1018.3,-20.8,56.1,-963.1,-21.5,54.5,-965.7,0.0,0.3,-1033.7,,,,,,,1
measured,1035.7,,,,-21.5,54.5,-965.7,0.0,0.3,-1033.7,,,,,,,1
measured,1047.7,,,,-21.5,54.5,-965.7,0.0,0.3,-1033.7,,,,,,,1
measured,1063.7,,,,-21.5,54.5,-965.7,0.0,0.3,-1033.7,,,,,,,1
measured,1079.1,,,,-21.5,54.5,-965.7,0.0,0.3,-1033.7,,,,,,,1
measured,1096.0,,,,-21.5,54.5,-965.7,0.0,0.3,-1033.7,,,,,,,1
measured,1113.3,,,,-21.5,54.5,-965.7,0.0,0.3,-1033.7,,,,,,,1
measured,1126.4,326.6,666.3,-917.6,-21.5,54.5,-965.7,0.0,0.3,-1033.7,,,,,,,1
measured,1138.7,327.5,709.9,-940.4,327.5,709.9,-940.4,,,,,,,,,,0
measured,1153.0,327.0,753.8,-965.8,327.0,753.8,-965.8,,,,,,,,,,0
measured,1170.4,328.5,799.2,-994.4,328.5,799.2,-994.4,,,,,,,,,,0
measured,1188.6,331.8,851.9,-1020.7,331.8,851.9,-1020.8,,,,,,,,,,0
measured,1201.4,337.8,903.7,-1049.6,337.0,900.4,-1047.7,153.4,2943.9,-1956.4,,,,,,,0
measured,1217.9,334.6,943.4,-1084.9,336.5,946.7,-1083.8,123.3,2899.2,-2116.8,,,,,,,0
measured,1233.4,346.9,1002.7,-1114.2,344.2,999.9,-1115.7,178.8,2955.7,-2219.9,,,,,,,0
measured,1249.5,352.0,1046.6,-1107.4,351.1,1048.4,-1122.2,212.3,2945.1,-2120.6,,,,,,,0
measured,1270.2,358.7,1088.1,-1073.0,358.7,1094.6,-1093.8,236.6,2843.7,-1852.3,,,,,,,0
measured,1282.4,357.9,1118.1,-1048.7,357.9,1118.1,-1048.7,,,,,,,,,,1
measured,1298.3,363.6,1156.0,-1022.0,363.6,1156.0,-1022.0,241.4,2285.9,1146.1,,,,,,,1
measured,1312.8,367.9,1192.4,-998.5,367.8,1192.4,-998.5,247.3,2306.1,1126.9,,,,,,,1
measured,1327.0,369.7,1223.6,-977.3,370.0,1224.4,-977.3,237.3,2295.5,1072.6,,,,,,,1
measured,1340.3,379.4,1267.7,-954.7,377.4,1264.2,-956.0,265.4,2351.4,1024.1,,,,,,,1
measured,1353.7,379.1,1298.0,-939.9,380.3,1298.6,-939.2,262.5,2366.9,940.2,,,,,,,1
measured,1369.3,389.2,1339.9,-925.1,387.7,1339.7,-923.8,281.1,2384.4,817.8,,,,,,,1
measured,1386.5,386.3,1367.2,-916.2,388.9,1372.8,-913.6,267.9,2347.0,656.8,,,,,,,1
measured,1402.1,391.8,1402.3,-907.5,391.9,1404.0,-906.6,263.0,2316.9,507.9,,,,,,,1
measured,1420.3,388.5,1431.3,-903.0,390.6,1434.5,-902.3,241.8,2263.2,327.6,,,,,,,1
measured,1434.1,396.7,1468.1,-897.6,394.7,1465.2,-898.6,237.5,2238.6,196.1,,,,,,,1
measured,1448.6,402.5,1503.3,-896.9,400.5,1500.1,-897.3,238.0,2221.9,57.0,,,,,,,1
measured,1465.5,401.5,1533.9,-899.4,402.7,1535.1,-899.2,228.1,2190.6,-68.2,,,,,,,1
measured,1482.1,408.1,1569.5,-901.5,407.4,1569.8,-902.1,224.8,2168.0,-232.2,,,,,,,1
measured,1502.3,418.7,1607.3,-905.9,417.0,1608.7,-907.0,233.6,2120.8,-434.8,,,,,,,1
measured,1513.5,416.8,1635.1,-917.5,418.6,1633.5,-915.4,228.2,2092.0,-559.8,,,,,,,1
measured,1529.7,421.2,1667.5,-926.9,422.0,1667.3,-926.8,225.7,2056.4,-726.2,,,,,,,1
measured,1543.8,427.5,1702.4,-939.2,426.8,1700.3,-939.0,228.5,2035.0,-871.3,,,,,,,1
measured,1553.6,429.1,1731.4,-955.3,429.3,1727.3,-952.4,226.6,2025.6,-983.9,,,,,,,1
measured,1571.3,431.4,1762.2,-974.2,432.4,1764.7,-974.2,231.2,2019.8,-1152.8,,,,,,,1
measured,1587.3,436.7,1795.4,-991.9,436.4,1797.0,-993.4,232.9,2017.5,-1299.4,,,,,,,1
measured,1603.0,440.4,1826.3,-1013.4,440.3,1827.6,-1014.3,245.8,2027.6,-1438.2,,,,,,,1
measured,1619.0,445.3,1858.7,-1038.9,444.9,1859.2,-1038.9,248.7,2020.4,-1584.1,,,,,,,1
measured,1634.5,448.8,1888.7,-1064.4,448.9,1889.2,-1064.6,254.0,2013.6,-1722.1,,,,,,,1
measured,1653.0,451.9,1918.0,-1093.3,452.4,1920.2,-1094.9,242.5,1972.1,-1878.8,,,,,,,1
measured,1666.6,454.5,1946.9,-1123.7,454.8,1946.0,-1122.5,237.8,1951.9,-1996.4,,,,,,,1
measured,1682.9,460.1,1975.0,-1119.2,459.4,1975.4,-1131.6,239.2,1931.2,-2076.1,,,,,,,1
measured,1697.7,465.5,1999.1,-1092.1,464.7,2000.2,-1112.9,234.8,1899.8,-2062.8,,,,,,,1
measured,1711.4,468.8,2022.7,-1067.8,468.8,2022.7,-1067.8,,,,,,,,,,2
predicted,281.2,,,,,,,,,,-148.2,1460.1,-722.5,296.1,107.1,-839.3,0
predicted,286.2,,,,,,,,,,-142.9,1443.7,-721.6,296.1,107.1,-839.3,0
predicted,291.2,,,,,,,,,,-137.5,1427.4,-721.0,296.1,107.1,-839.3,0
predicted,296.2,,,,,,,,,,-132.2,1411.2,-720.5,296.1,107.1,-839.3,0
predicted,301.2,,,,,,,,,,-126.9,1394.9,-720.4,296.1,107.1,-839.3,0
predicted,306.2,,,,,,,,,,-121.5,1378.8,-720.5,296.1,107.1,-839.3,0
predicted,311.2,,,,,,,,,,-116.3,1362.7,-720.8,296.1,107.1,-839.3,0
predicted,316.2,,,,,,,,,,-111.0,1346.6,-721.3,296.1,107.1,-839.3,0
predicted,321.2,,,,,,,,,,-105.7,1330.6,-722.2,296.1,107.1,-839.3,0
predicted,326.2,,,,,,,,,,-100.5,1314.6,-723.2,296.1,107.1,-839.3,0
predicted,331.2,,,,,,,,,,-95.3,1298.7,-724.5,296.1,107.1,-839.3,0
predicted,336.2,,,,,,,,,,-90.0,1282.9,-726.0,296.1,107.1,-839.3,0
predicted,341.2,,,,,,,,,,-84.9,1267.0,-727.8,296.1,107.1,-839.3,0
predicted,346.2,,,,,,,,,,-79.7,1251.3,-729.8,296.1,107.1,-839.3,0
predicted,351.2,,,,,,,,,,-74.5,1235.6,-732.1,296.1,107.1,-839.3,0
predicted,356.2,,,,,,,,,,-69.4,1219.9,-734.6,296.1,107.1,-839.3,0
predicted,361.2,,,,,,,,,,-64.2,1204.3,-737.3,296.1,107.1,-839.3,0
predicted,366.2,,,,,,,,,,-59.1,1188.7,-740.3,296.1,107.1,-839.3,0
predicted,371.2,,,,,,,,,,-54.0,1173.1,-743.5,296.1,107.1,-839.3,0
predicted,376.2,,,,,,,,,,-48.9,1157.7,-746.9,296.1,107.1,-839.3,0
predicted,381.2,,,,,,,,,,-43.9,1142.2,-750.6,296.1,107.1,-839.3,0
predicted,386.2,,,,,,,,,,-38.8,1126.8,-754.5,296.1,107.1,-839.3,0
predicted,391.2,,,,,,,,,,-33.8,1111.5,-758.7,296.1,107.1,-839.3,0
predicted,396.2,,,,,,,,,,-28.7,1096.2,-763.0,296.1,107.1,-839.3,0
predicted,401.2,,,,,,,,,,-23.7,1080.9,-767.7,296.1,107.1,-839.3,0
predicted,406.2,,,,,,,,,,-18.7,1065.7,-772.5,296.1,107.1,-839.3,0
predicted,411.2,,,,,,,,,,-13.7,1050.5,-777.6,296.1,107.1,-839.3,0
predicted,416.2,,,,,,,,,,-8.8,1035.4,-782.9,296.1,107.1,-839.3,0
predicted,421.2,,,,,,,,,,-3.8,1020.3,-788.4,296.1,107.1,-839.3,0
predicted,426.2,,,,,,,,,,1.1,1005.3,-794.2,296.1,107.1,-839.3,0
predicted,431.2,,,,,,,,,,6.0,990.3,-800.1,296.1,107.1,-839.3,0
predicted,436.2,,,,,,,,,,10.9,975.4,-806.4,296.1,107.1,-839.3,0
predicted,441.2,,,,,,,,,,15.8,960.5,-812.8,296.1,107.1,-839.3,0
predicted,446.2,,,,,,,,,,20.7,945.7,-819.5,296.1,107.1,-839.3,0
predicted,451.2,,,,,,,,,,25.6,930.9,-826.4,296.1,107.1,-839.3,0
predicted,456.2,,,,,,,,,,30.4,916.1,-833.5,296.1,107.1,-839.3,0
predicted,461.2,,,,,,,,,,35.2,901.4,-840.8,296.1,107.1,-839.3,0
predicted,466.2,,,,,,,,,,40.1,886.7,-848.4,296.1,107.1,-839.3,0
predicted,471.2,,,,,,,,,,44.9,872.1,-856.1,296.1,107.1,-839.3,0
predicted,476.2,,,,,,,,,,49.6,857.5,-864.2,296.1,107.1,-839.3,0
predicted,481.2,,,,,,,,,,54.4,843.0,-872.4,296.1,107.1,-839.3,0
predicted,486.2,,,,,,,,,,59.2,828.5,-880.8,296.1,107.1,-839.3,0
predicted,491.2,,,,,,,,,,63.9,814.1,-889.5,296.1,107.1,-839.3,0
predicted,496.2,,,,,,,,,,68.6,799.7,-898.4,296.1,107.1,-839.3,0
predicted,501.2,,,,,,,,,,73.3,785.3,-907.5,296.1,107.1,-839.3,0
predicted,506.2,,,,,,,,,,78.0,771.0,-916.8,296.1,107.1,-839.3,0
predicted,511.2,,,,,,,,,,82.7,756.8,-926.3,296.1,107.1,-839.3,0
predicted,516.2,,,,,,,,,,87.4,742.6,-936.0,296.1,107.1,-839.3,0
predicted,521.2,,,,,,,,,,92.0,728.4,-946.0,296.1,107.1,-839.3,0
predicted,526.2,,,,,,,,,,96.7,714.3,-956.2,296.1,107.1,-839.3,0
predicted,531.2,,,,,,,,,,101.3,700.2,-966.6,296.1,107.1,-839.3,0
predicted,536.2,,,,,,,,,,105.9,686.2,-977.2,296.1,107.1,-839.3,0
predicted,541.2,,,,,,,,,,110.5,672.2,-988.0,296.1,107.1,-839.3,0
predicted,546.2,,,,,,,,,,115.1,658.3,-999.0,296.1,107.1,-839.3,0
predicted,551.2,,,,,,,,,,119.6,644.4,-1010.2,296.1,107.1,-839.3,0
predicted,556.2,,,,,,,,,,124.2,630.5,-1021.6,296.1,107.1,-839.3,0
predicted,561.2,,,,,,,,,,128.7,616.7,-1033.3,296.1,107.1,-839.3,0
predicted,566.2,,,,,,,,,,133.2,603.0,-1045.1,296.1,107.1,-839.3,0
predicted,571.2,,,,,,,,,,137.7,589.3,-1057.2,296.1,107.1,-839.3,0
predicted,576.2,,,,,,,,,,142.2,575.6,-1069.4,296.1,107.1,-839.3,0
predicted,581.2,,,,,,,,,,146.7,562.0,-1081.9,296.1,107.1,-839.3,0
predicted,586.2,,,,,,,,,,151.1,548.5,-1094.5,296.1,107.1,-839.3,0
predicted,591.2,,,,,,,,,,155.6,534.9,-1107.4,296.1,107.1,-839.3,0
predicted,596.2,,,,,,,,,,159.6,522.8,-1100.2,296.1,107.1,-839.3,1
predicted,601.2,,,,,,,,,,163.4,511.0,-1088.3,296.1,107.1,-839.3,1
predicted,606.2,,,,,,,,,,167.3,499.2,-1076.7,296.1,107.1,-839.3,1
predicted,611.2,,,,,,,,,,171.2,487.5,-1065.4,296.1,107.1,-839.3,1
predicted,616.2,,,,,,,,,,175.0,475.8,-1054.3,296.1,107.1,-839.3,1
predicted,621.2,,,,,,,,,,178.8,464.2,-1043.5,296.1,107.1,-839.3,1
predicted,626.2,,,,,,,,,,182.6,452.6,-1033.0,296.1,107.1,-839.3,1
predicted,631.2,,,,,,,,,,186.4,441.0,-1022.8,296.1,107.1,-839.3,1
predicted,636.2,,,,,,,,,,190.2,429.5,-1012.9,296.1,107.1,-839.3,1
predicted,641.2,,,,,,,,,,194.0,418.0,-1003.2,296.1,107.1,-839.3,1
predicted,646.2,,,,,,,,,,197.8,406.5,-993.8,296.1,107.1,-839.3,1
predicted,651.2,,,,,,,,,,201.5,395.0,-984.6,296.1,107.1,-839.3,1
predicted,656.2,,,,,,,,,,205.3,383.6,-975.8,296.1,107.1,-839.3,1
predicted,661.2,,,,,,,,,,209.0,372.2,-967.2,296.1,107.1,-839.3,1
predicted,666.2,,,,,,,,,,212.8,360.9,-958.9,296.1,107.1,-839.3,1
predicted,671.2,,,,,,,,,,216.5,349.5,-950.8,296.1,107.1,-839.3,1
predicted,676.2,,,,,,,,,,220.2,338.2,-943.0,296.1,107.1,-839.3,1
predicted,681.2,,,,,,,,,,223.9,327.0,-935.5,296.1,107.1,-839.3,1
predicted,686.2,,,,,,,,,,227.6,315.7,-928.2,296.1,107.1,-839.3,1
predicted,691.2,,,,,,,,,,231.3,304.5,-921.2,296.1,107.1,-839.3,1
predicted,696.2,,,,,,,,,,234.9,293.3,-914.5,296.1,107.1,-839.3,1
predicted,701.2,,,,,,,,,,238.6,282.2,-908.0,296.1,107.1,-839.3,1
predicted,706.2,,,,,,,,,,242.2,271.1,-901.8,296.1,107.1,-839.3,1
predicted,711.2,,,,,,,,,,245.9,260.0,-895.8,296.1,107.1,-839.3,1
predicted,716.2,,,,,,,,,,249.5,248.9,-890.1,296.1,107.1,-839.3,1
predicted,721.2,,,,,,,,,,253.2,237.8,-884.7,296.1,107.1,-839.3,1
predicted,726.2,,,,,,,,,,256.8,226.8,-879.5,296.1,107.1,-839.3,1
predicted,731.2,,,,,,,,,,260.4,215.8,-874.6,296.1,107.1,-839.3,1
predicted,736.2,,,,,,,,,,264.0,204.8,-869.9,296.1,107.1,-839.3,1
predicted,741.2,,,,,,,,,,267.6,193.9,-865.5,296.1,107.1,-839.3,1
predicted,746.2,,,,,,,,,,271.2,182.9,-861.3,296.1,107.1,-839.3,1
predicted,751.2,,,,,,,,,,274.8,172.0,-857.4,296.1,107.1,-839.3,1
predicted,756.2,,,,,,,,,,278.3,161.2,-853.8,296.1,107.1,-839.3,1
predicted,761.2,,,,,,,,,,281.9,150.3,-850.4,296.1,107.1,-839.3,1
predicted,766.2,,,,,,,,,,285.5,139.5,-847.2,296.1,107.1,-839.3,1
predicted,771.2,,,,,,,,,,289.0,128.7,-844.4,296.1,107.1,-839.3,1
predicted,776.2,,,,,,,,,,292.5,117.9,-841.7,296.1,107.1,-839.3,1
predicted,781.2,,,,,,,,,,296.1,107.1,-839.3,296.1,107.1,-839.3,1
predicted,786.2,,,,,,,,,,299.6,96.4,-837.2,296.1,107.1,-839.3,1
predicted,791.2,,,,,,,,,,303.1,85.7,-835.3,296.1,107.1,-839.3,1
predicted,796.2,,,,,,,,,,306.6,75.0,-833.7,296.1,107.1,-839.3,1
predicted,801.2,,,,,,,,,,310.2,64.3,-832.3,296.1,107.1,-839.3,1
predicted,806.2,,,,,,,,,,313.6,53.6,-831.1,296.1,107.1,-839.3,1
predicted,811.2,,,,,,,,,,317.1,43.0,-830.2,296.1,107.1,-839.3,1
predicted,816.2,,,,,,,,,,320.6,32.4,-829.6,296.1,107.1,-839.3,1
predicted,821.2,,,,,,,,,,324.1,21.8,-829.2,296.1,107.1,-839.3,1
predicted,826.2,,,,,,,,,,327.6,11.2,-829.0,296.1,107.1,-839.3,1
predicted,831.2,,,,,,,,,,331.0,0.7,-829.1,296.1,107.1,-839.3,1
predicted,836.2,,,,,,,,,,334.5,-9.8,-829.4,296.1,107.1,-839.3,1
predicted,841.2,,,,,,,,,,337.9,-20.3,-830.0,296.1,107.1,-839.3,1
predicted,846.2,,,,,,,,,,341.4,-30.8,-830.9,296.1,107.1,-839.3,1
predicted,851.2,,,,,,,,,,344.8,-41.3,-831.9,296.1,107.1,-839.3,1
predicted,856.2,,,,,,,,,,348.2,-51.7,-833.2,296.1,107.1,-839.3,1
predicted,861.2,,,,,,,,,,351.7,-62.1,-834.8,296.1,107.1,-839.3,1
predicted,866.2,,,,,,,,,,355.1,-72.5,-836.6,296.1,107.1,-839.3,1
predicted,871.2,,,,,,,,,,358.5,-82.9,-838.6,296.1,107.1,-839.3,1
predicted,876.2,,,,,,,,,,361.9,-93.3,-840.9,296.1,107.1,-839.3,1
predicted,881.2,,,,,,,,,,365.3,-103.6,-843.4,296.1,107.1,-839.3,1
predicted,886.2,,,,,,,,,,368.7,-113.9,-846.2,296.1,107.1,-839.3,1
predicted,891.2,,,,,,,,,,372.1,-124.2,-849.2,296.1,107.1,-839.3,1
predicted,896.2,,,,,,,,,,375.4,-134.5,-852.4,296.1,107.1,-839.3,1
predicted,901.2,,,,,,,,,,378.8,-144.7,-855.9,296.1,107.1,-839.3,1
predicted,906.2,,,,,,,,,,382.2,-155.0,-859.6,296.1,107.1,-839.3,1
predicted,911.2,,,,,,,,,,385.5,-165.2,-863.5,296.1,107.1,-839.3,1
predicted,916.2,,,,,,,,,,388.9,-175.4,-867.7,296.1,107.1,-839.3,1
predicted,921.2,,,,,,,,,,392.2,-185.6,-872.2,296.1,107.1,-839.3,1
predicted,926.2,,,,,,,,,,395.5,-195.7,-876.8,296.1,107.1,-839.3,1
predicted,931.2,,,,,,,,,,398.9,-205.8,-881.7,296.1,107.1,-839.3,1
predicted,936.2,,,,,,,,,,402.2,-215.9,-886.9,296.1,107.1,-839.3,1
predicted,941.2,,,,,,,,,,405.5,-226.0,-892.2,296.1,107.1,-839.3,1
predicted,946.2,,,,,,,,,,408.8,-236.1,-897.8,296.1,107.1,-839.3,1
predicted,951.2,,,,,,,,,,412.1,-246.1,-903.7,296.1,107.1,-839.3,1
predicted,956.2,,,,,,,,,,415.4,-256.1,-909.7,296.1,107.1,-839.3,1
predicted,961.2,,,,,,,,,,418.7,-266.1,-916.0,296.1,107.1,-839.3,1
predicted,966.2,,,,,,,,,,421.9,-276.1,-922.5,296.1,107.1,-839.3,1
predicted,971.2,,,,,,,,,,425.2,-286.1,-929.3,296.1,107.1,-839.3,1
predicted,976.2,,,,,,,,,,428.5,-296.0,-936.3,296.1,107.1,-839.3,1
predicted,981.2,,,,,,,,,,431.7,-305.9,-943.5,296.1,107.1,-839.3,1
predicted,986.2,,,,,,,,,,435.0,-315.8,-951.0,296.1,107.1,-839.3,1
predicted,991.2,,,,,,,,,,438.2,-325.7,-958.6,296.1,107.1,-839.3,1
predicted,996.2,,,,,,,,,,441.4,-335.5,-966.5,296.1,107.1,-839.3,1
predicted,1001.2,,,,,,,,,,444.7,-345.3,-974.7,296.1,107.1,-839.3,1
predicted,1006.2,,,,,,,,,,447.9,-355.1,-983.0,296.1,107.1,-839.3,1
predicted,1011.2,,,,,,,,,,451.1,-364.9,-991.6,296.1,107.1,-839.3,1
predicted,1016.2,,,,,,,,,,454.3,-374.6,-1000.4,296.1,107.1,-839.3,1
predicted,1021.2,,,,,,,,,,457.5,-384.3,-1009.5,296.1,107.1,-839.3,1
predicted,1026.2,,,,,,,,,,460.7,-394.0,-1018.7,296.1,107.1,-839.3,1
predicted,1031.2,,,,,,,,,,463.9,-403.7,-1028.2,296.1,107.1,-839.3,1
predicted,1036.2,,,,,,,,,,467.0,-413.4,-1037.9,296.1,107.1,-839.3,1
predicted,1041.2,,,,,,,,,,470.2,-423.0,-1047.8,296.1,107.1,-839.3,1
predicted,1046.2,,,,,,,,,,473.3,-432.6,-1057.9,296.1,107.1,-839.3,1
predicted,1051.2,,,,,,,,,,476.5,-442.2,-1068.3,296.1,107.1,-839.3,1
predicted,1056.2,,,,,,,,,,479.6,-451.7,-1078.9,296.1,107.1,-839.3,1
predicted,1061.2,,,,,,,,,,482.8,-461.3,-1089.7,296.1,107.1,-839.3,1
predicted,1066.2,,,,,,,,,,485.9,-470.8,-1100.7,296.1,107.1,-839.3,1
predicted,1071.2,,,,,,,,,,488.9,-480.0,-1108.2,296.1,107.1,-839.3,2
predicted,1076.2,,,,,,,,,,491.7,-488.4,-1097.9,296.1,107.1,-839.3,2
predicted,1081.2,,,,,,,,,,494.4,-496.7,-1087.8,296.1,107.1,-839.3,2
predicted,1086.2,,,,,,,,,,497.1,-504.9,-1078.0,296.1,107.1,-839.3,2
predicted,1091.2,,,,,,,,,,499.8,-513.2,-1068.4,296.1,107.1,-839.3,2
predicted,1096.2,,,,,,,,,,502.5,-521.4,-1059.2,296.1,107.1,-839.3,2
predicted,1101.2,,,,,,,,,,505.2,-529.6,-1050.2,296.1,107.1,-839.3,2
predicted,1106.2,,,,,,,,,,507.9,-537.8,-1041.4,296.1,107.1,-839.3,2
predicted,1111.2,,,,,,,,,,510.6,-546.0,-1033.0,296.1,107.1,-839.3,2
predicted,1116.2,,,,,,,,,,513.3,-554.2,-1024.7,296.1,107.1,-839.3,2
predicted,1121.2,,,,,,,,,,515.9,-562.3,-1016.8,296.1,107.1,-839.3,2
predicted,1126.2,,,,,,,,,,518.6,-570.5,-1009.1,296.1,107.1,-839.3,2
predicted,1131.2,,,,,,,,,,521.3,-578.6,-1001.7,296.1,107.1,-839.3,2
predicted,1136.2,,,,,,,,,,523.9,-586.7,-994.5,296.1,107.1,-839.3,2
predicted,1141.2,,,,,,,,,,526.6,-594.7,-987.6,296.1,107.1,-839.3,2
predicted,1146.2,,,,,,,,,,529.2,-602.8,-981.0,296.1,107.1,-839.3,2
predicted,1151.2,,,,,,,,,,531.9,-610.9,-974.6,296.1,107.1,-839.3,2
predicted,1156.2,,,,,,,,,,534.5,-618.9,-968.5,296.1,107.1,-839.3,2
predicted,1161.2,,,,,,,,,,537.1,-626.9,-962.6,296.1,107.1,-839.3,2
predicted,1166.2,,,,,,,,,,539.8,-634.9,-957.0,296.1,107.1,-839.3,2
predicted,1171.2,,,,,,,,,,542.4,-642.9,-951.6,296.1,107.1,-839.3,2
predicted,1176.2,,,,,,,,,,545.0,-650.9,-946.5,296.1,107.1,-839.3,2
predicted,1181.2,,,,,,,,,,547.6,-658.8,-941.6,296.1,107.1,-839.3,2
predicted,1186.2,,,,,,,,,,550.2,-666.8,-937.0,296.1,107.1,-839.3,2
predicted,1191.2,,,,,,,,,,552.8,-674.7,-932.7,296.1,107.1,-839.3,2
predicted,1196.2,,,,,,,,,,555.4,-682.6,-928.6,296.1,107.1,-839.3,2
predicted,1201.2,,,,,,,,,,558.0,-690.5,-924.8,296.1,107.1,-839.3,2
predicted,1206.2,,,,,,,,,,560.6,-698.4,-921.2,296.1,107.1,-839.3,2
predicted,1211.2,,,,,,,,,,563.2,-706.3,-917.8,296.1,107.1,-839.3,2
predicted,1216.2,,,,,,,,,,565.8,-714.2,-914.7,296.1,107.1,-839.3,2
predicted,1221.2,,,,,,,,,,568.4,-722.0,-911.9,296.1,107.1,-839.3,2
predicted,1226.2,,,,,,,,,,571.0,-729.9,-909.3,296.1,107.1,-839.3,2
predicted,1231.2,,,,,,,,,,573.5,-737.7,-907.0,296.1,107.1,-839.3,2
predicted,1236.2,,,,,,,,,,576.1,-745.5,-904.9,296.1,107.1,-839.3,2
predicted,1241.2,,,,,,,,,,578.7,-753.3,-903.0,296.1,107.1,-839.3,2
predicted,1246.2,,,,,,,,,,581.2,-761.1,-901.5,296.1,107.1,-839.3,2
predicted,1251.2,,,,,,,,,,583.8,-768.9,-900.1,296.1,107.1,-839.3,2
predicted,1256.2,,,,,,,,,,586.3,-776.7,-899.0,296.1,107.1,-839.3,2
predicted,1261.2,,,,,,,,,,588.9,-784.4,-898.2,296.1,107.1,-839.3,2
predicted,1266.2,,,,,,,,,,591.4,-792.2,-897.6,296.1,107.1,-839.3,2
predicted,1271.2,,,,,,,,,,594.0,-799.9,-897.2,296.1,107.1,-839.3,2
predicted,1276.2,,,,,,,,,,596.5,-807.6,-897.1,296.1,107.1,-839.3,2
predicted,1281.2,,,,,,,,,,599.0,-815.3,-897.2,296.1,107.1,-839.3,2
predicted,1286.2,,,,,,,,,,601.6,-823.0,-897.6,296.1,107.1,-839.3,2
predicted,1291.2,,,,,,,,,,604.1,-830.7,-898.2,296.1,107.1,-839.3,2
predicted,1296.2,,,,,,,,,,606.6,-838.4,-899.1,296.1,107.1,-839.3,2
predicted,1301.2,,,,,,,,,,609.1,-846.1,-900.2,296.1,107.1,-839.3,2
predicted,1306.2,,,,,,,,,,611.6,-853.7,-901.5,296.1,107.1,-839.3,2
predicted,1311.2,,,,,,,,,,614.2,-861.4,-903.1,296.1,107.1,-839.3,2
predicted,1316.2,,,,,,,,,,616.7,-869.0,-905.0,296.1,107.1,-839.3,2
predicted,1321.2,,,,,,,,,,619.2,-876.6,-907.1,296.1,107.1,-839.3,2
predicted,1326.2,,,,,,,,,,621.7,-884.2,-909.4,296.1,107.1,-839.3,2
predicted,1331.2,,,,,,,,,,624.2,-891.8,-912.0,296.1,107.1,-839.3,2
predicted,1336.2,,,,,,,,,,626.7,-899.4,-914.8,296.1,107.1,-839.3,2
predicted,1341.2,,,,,,,,,,629.1,-907.0,-917.8,296.1,107.1,-839.3,2
predicted,1346.2,,,,,,,,,,631.6,-914.6,-921.1,296.1,107.1,-839.3,2
predicted,1351.2,,,,,,,,,,634.1,-922.1,-924.6,296.1,107.1,-839.3,2
predicted,1356.2,,,,,,,,,,636.6,-929.7,-928.4,296.1,107.1,-839.3,2
predicted,1361.2,,,,,,,,,,639.1,-937.2,-932.4,296.1,107.1,-839.3,2
predicted,1366.2,,,,,,,,,,641.5,-944.7,-936.7,296.1,107.1,-839.3,2
predicted,1371.2,,,,,,,,,,644.0,-952.2,-941.1,296.1,107.1,-839.3,2
predicted,1376.2,,,,,,,,,,646.4,-959.7,-945.9,296.1,107.1,-839.3,2
predicted,1381.2,,,,,,,,,,648.9,-967.2,-950.8,296.1,107.1,-839.3,2
predicted,1386.2,,,,,,,,,,651.4,-974.7,-956.0,296.1,107.1,-839.3,2
predicted,1391.2,,,,,,,,,,653.8,-982.1,-961.5,296.1,107.1,-839.3,2
predicted,1396.2,,,,,,,,,,656.3,-989.6,-967.1,296.1,107.1,-839.3,2
predicted,1401.2,,,,,,,,,,658.7,-997.0,-973.0,296.1,107.1,-839.3,2
predicted,1406.2,,,,,,,,,,661.1,-1004.4,-979.2,296.1,107.1,-839.3,2
predicted,1411.2,,,,,,,,,,663.6,-1011.8,-985.6,296.1,107.1,-839.3,2
predicted,1416.2,,,,,,,,,,666.0,-1019.2,-992.2,296.1,107.1,-839.3,2
predicted,1421.2,,,,,,,,,,668.4,-1026.6,-999.0,296.1,107.1,-839.3,2
predicted,1426.2,,,,,,,,,,670.8,-1033.9,-1006.1,296.1,107.1,-839.3,2
predicted,1431.2,,,,,,,,,,673.2,-1041.3,-1013.4,296.1,107.1,-839.3,2
predicted,1436.2,,,,,,,,,,675.6,-1048.6,-1020.9,296.1,107.1,-839.3,2
predicted,1441.2,,,,,,,,,,678.1,-1055.9,-1028.7,296.1,107.1,-839.3,2
predicted,1446.2,,,,,,,,,,680.5,-1063.2,-1036.7,296.1,107.1,-839.3,2
predicted,1451.2,,,,,,,,,,682.8,-1070.5,-1044.9,296.1,107.1,-839.3,2
predicted,1456.2,,,,,,,,,,685.2,-1077.8,-1053.4,296.1,107.1,-839.3,2
predicted,1461.2,,,,,,,,,,687.6,-1085.1,-1062.1,296.1,107.1,-839.3,2
predicted,1466.2,,,,,,,,,,690.0,-1092.3,-1071.0,296.1,107.1,-839.3,2
predicted,1471.2,,,,,,,,,,692.4,-1099.6,-1080.1,296.1,107.1,-839.3,2
predicted,1476.2,,,,,,,,,,694.7,-1106.8,-1089.5,296.1,107.1,-839.3,2
predicted,1481.2,,,,,,,,,,697.1,-1114.0,-1099.1,296.1,107.1,-839.3,2
predicted,1486.2,,,,,,,,,,699.5,-1121.2,-1108.9,296.1,107.1,-839.3,2
predicted,1491.2,,,,,,,,,,701.8,-1128.3,-1118.9,296.1,107.1,-839.3,2
predicted,1496.2,,,,,,,,,,704.2,-1135.5,-1129.2,296.1,107.1,-839.3,2
predicted,1501.2,,,,,,,,,,706.5,-1142.6,-1139.6,296.1,107.1,-839.3,2
predicted,1506.2,,,,,,,,,,708.9,-1149.7,-1150.3,296.1,107.1,-839.3,2
predicted,1511.2,,,,,,,,,,711.2,-1156.8,-1161.3,296.1,107.1,-839.3,2
predicted,1516.2,,,,,,,,,,713.5,-1163.9,-1172.4,296.1,107.1,-839.3,2
predicted,1521.2,,,,,,,,,,715.8,-1171.0,-1183.8,296.1,107.1,-839.3,2
predicted,1526.2,,,,,,,,,,718.2,-1178.0,-1195.3,296.1,107.1,-839.3,2
predicted,1531.2,,,,,,,,,,720.5,-1185.1,-1207.1,296.1,107.1,-839.3,2
predicted,1536.2,,,,,,,,,,722.8,-1192.1,-1219.1,296.1,107.1,-839.3,2
predicted,1541.2,,,,,,,,,,725.1,-1199.1,-1231.4,296.1,107.1,-839.3,2
predicted,1546.2,,,,,,,,,,727.4,-1206.1,-1243.8,296.1,107.1,-839.3,2
predicted,1551.2,,,,,,,,,,729.6,-1213.0,-1256.4,296.1,107.1,-839.3,2
predicted,1556.2,,,,,,,,,,731.9,-1220.0,-1269.3,296.1,107.1,-839.3,2
predicted,1561.2,,,,,,,,,,734.2,-1226.9,-1282.4,296.1,107.1,-839.3,2
predicted,1566.2,,,,,,,,,,736.5,-1233.8,-1295.7,296.1,107.1,-839.3,2
predicted,1571.2,,,,,,,,,,738.7,-1240.7,-1309.2,296.1,107.1,-839.3,2
predicted,1576.2,,,,,,,,,,741.0,-1247.6,-1322.9,296.1,107.1,-839.3,2
predicted,1581.2,,,,,,,,,,743.2,-1254.4,-1336.8,296.1,107.1,-839.3,2
predicted,1586.2,,,,,,,,,,745.5,-1261.2,-1350.9,296.1,107.1,-839.3,2
predicted,1591.2,,,,,,,,,,747.7,-1268.1,-1365.2,296.1,107.1,-839.3,2
predicted,1596.2,,,,,,,,,,749.9,-1274.8,-1379.7,296.1,107.1,-839.3,2
predicted,1601.2,,,,,,,,,,752.2,-1281.6,-1394.4,296.1,107.1,-839.3,2
predicted,1606.2,,,,,,,,,,754.4,-1288.4,-1409.4,296.1,107.1,-839.3,2
predicted,1611.2,,,,,,,,,,756.6,-1295.1,-1424.5,296.1,107.1,-839.3,2
predicted,1616.2,,,,,,,,,,758.8,-1301.8,-1439.8,296.1,107.1,-839.3,2
predicted,1621.2,,,,,,,,,,761.0,-1308.5,-1455.3,296.1,107.1,-839.3,2
predicted,1626.2,,,,,,,,,,763.2,-1315.2,-1471.1,296.1,107.1,-839.3,2
predicted,1631.2,,,,,,,,,,765.4,-1321.8,-1487.0,296.1,107.1,-839.3,2
predicted,1636.2,,,,,,,,,,767.5,-1328.5,-1503.1,296.1,107.1,-839.3,2
predicted,1641.2,,,,,,,,,,769.7,-1335.1,-1519.4,296.1,107.1,-839.3,2
predicted,1646.2,,,,,,,,,,771.9,-1341.7,-1535.9,296.1,107.1,-839.3,2
predicted,1651.2,,,,,,,,,,774.0,-1348.2,-1552.6,296.1,107.1,-839.3,2
predicted,1656.2,,,,,,,,,,776.2,-1354.8,-1569.5,296.1,107.1,-839.3,2
predicted,1661.2,,,,,,,,,,778.3,-1361.3,-1586.6,296.1,107.1,-839.3,2
predicted,1666.2,,,,,,,,,,780.5,-1367.8,-1603.8,296.1,107.1,-839.3,2
predicted,1671.2,,,,,,,,,,782.6,-1374.3,-1621.3,296.1,107.1,-839.3,2
predicted,1676.2,,,,,,,,,,784.7,-1380.7,-1638.9,296.1,107.1,-839.3,2
predicted,1681.2,,,,,,,,,,786.8,-1387.2,-1656.8,296.1,107.1,-839.3,2
predicted,1686.2,,,,,,,,,,788.9,-1393.6,-1674.8,296.1,107.1,-839.3,2
predicted,1691.2,,,,,,,,,,791.0,-1400.0,-1693.0,296.1,107.1,-839.3,2
predicted,1696.2,,,,,,,,,,793.1,-1406.3,-1711.3,296.1,107.1,-839.3,2
predicted,1701.2,,,,,,,,,,795.2,-1412.7,-1729.9,296.1,107.1,-839.3,2
predicted,1706.2,,,,,,,,,,797.3,-1419.0,-1748.6,296.1,107.1,-839.3,2
predicted,1711.2,,,,,,,,,,799.4,-1425.3,-1767.5,296.1,107.1,-839.3,2
predicted,1716.2,,,,,,,,,,801.4,-1431.6,-1786.6,296.1,107.1,-839.3,2
predicted,1721.2,,,,,,,,,,803.5,-1437.8,-1805.9,296.1,107.1,-839.3,2
predicted,1726.2,,,,,,,,,,805.5,-1444.1,-1825.3,296.1,107.1,-839.3,2
predicted,1731.2,,,,,,,,,,807.6,-1450.3,-1844.9,296.1,107.1,-839.3,2
predicted,1736.2,,,,,,,,,,809.6,-1456.5,-1864.7,296.1,107.1,-839.3,2
predicted,1741.2,,,,,,,,,,811.6,-1462.6,-1884.7,296.1,107.1,-839.3,2
predicted,1746.2,,,,,,,,,,813.6,-1468.8,-1904.8,296.1,107.1,-839.3,2
predicted,1751.2,,,,,,,,,,815.6,-1474.9,-1925.1,296.1,107.1,-839.3,2
predicted,1756.2,,,,,,,,,,817.6,-1481.0,-1945.5,296.1,107.1,-839.3,2
predicted,1761.2,,,,,,,,,,819.6,-1487.1,-1966.2,296.1,107.1,-839.3,2
predicted,1766.2,,,,,,,,,,821.6,-1493.1,-1987.0,296.1,107.1,-839.3,2
predicted,1771.2,,,,,,,,,,823.6,-1499.1,-2007.9,296.1,107.1,-839.3,2
predicted,1776.2,,,,,,,,,,825.6,-1505.1,-2029.0,296.1,107.1,-839.3,2
predicted,1781.2,,,,,,,,,,827.5,-1511.1,-2050.3,296.1,107.1,-839.3,2
