sample_id,n_points,n_first6,n_hit,rx_mm,ry_mm,rz_mm,frac_y_increase,dt_p95_s,dt_max_s,hit_after_p6,target_max_robust_z,rx_mm_rz,ry_mm_rz,rz_mm_rz,frac_y_increase_rz,dt_p95_s_rz,dt_max_s_rz,target_max_robust_z_rz,rule_penalty,score
64,52,6,1,20.3527765762481,3.287673092163734,2.379056014628984,0.0,0.01760354998987165,0.380128999997396,1.0,3.7738208073526773,2.728290643619967,0.485198363981676,0.6727069313030076,0.0,0.6669352678060194,90.43789827282127,3.140871866143884,2.0,100.13190134567583
192,37,6,1,8.819513848727928,4.687931522004194,2.4711434214149373,0.0,0.01796080000349315,0.3788141999975778,1.0,2.470270264858132,0.23516590813241453,0.044393511119282095,0.7476216287719477,0.0,0.12438118091037165,90.10677272084564,1.2665295877440514,2.0,94.5248645375237
155,43,6,1,5.406848895795568,5.556659728807461,0.6064827245705668,0.0,0.01799020999314956,0.368640000000596,1.0,0.9819073454631363,0.5025437590362032,0.3729552895664603,0.7693120852049682,0.0,0.07971635382781872,87.54445328794573,0.873549722173704,2.0,92.14253049775489
256,112,6,1,16.383039249158198,2.681934223711601,2.544545482543671,0.0,0.0192689499963307,0.3456918000010773,1.0,2.339706595463612,1.8701596396378795,0.7142949195379583,0.8073354745080678,0.0,1.8623006884386513,81.76506829194766,1.0787953974756357,2.0,90.09795441154584
37,45,6,1,7.162906210587398,8.135387005429227,2.788112003526716,0.0,0.01887602000060719,0.3373595000011846,1.0,4.491636440831432,0.1229399962610258,1.3482559802794643,1.0054810502154985,0.0,1.265559563413685,79.66662180801669,4.173000767989835,2.0,89.58185916617619
98,129,6,1,4.275481237625208,2.823196084500676,0.8543600128755569,0.0,0.018683930012048156,0.3487541000067722,1.0,1.8305832278116339,0.7471094782220378,0.6608682576152298,0.567659625754648,0.0,0.9738333090520497,82.53629264534048,0.34673981404942045,2.0,87.83250313003386
103,109,6,1,1.8120252971629895,7.616396540334152,1.3062179208826687,0.0,0.017957160000514644,0.3498891000053845,1.0,1.5606406521249923,1.279630334206272,1.1519685466801288,0.20006540566781983,0.0,0.12990923806082671,82.82213650074418,0.041403772145079724,2.0,87.6251137975043
43,112,6,1,7.362126663738907,5.111237305702164,13.575704155117077,0.0,0.0188981500105001,0.307986699976027,1.0,0.5639839647120956,0.07987486791864373,0.20449203218673273,9.781373766286396,0.0,1.2991683159752996,72.2692346595951,1.474471156469946,2.0,87.10861479843211
31,122,6,1,11.690508196500723,8.490443249619783,5.137309910040641,0.0,0.0183740999782457,0.2903851000010036,1.0,0.8495644333402874,0.855783611290932,1.4825418364614582,2.9165941611561266,0.0,0.5032957452364835,67.83636311396867,1.0638422404551326,2.0,76.6584207085688
247,44,6,1,7.501878631632733,0.7634836508975101,0.35640079344407133,0.0,0.04448148999654219,0.109513200004585,1.0,7.346302590156998,0.049664935463209665,1.4398722947521034,0.9727580597054413,0.0,40.15247870541581,22.284714398213573,8.277652854711778,2.0,75.17714124826192
66,38,6,1,4.473396999079157,2.3818314560448273,0.6868471742968835,0.0,0.018062080000527156,0.2973209999909159,1.0,1.461681801490498,0.7043263827458289,0.8277968160912551,0.7039342159758044,0.0,0.0294323228444466,69.58313350712731,0.1836941947405372,2.0,74.03231743952519
58,106,6,1,19.415218126672414,9.777857308595637,3.1933487509084766,0.0,0.01832886000047432,0.2729933999944478,1.0,2.7436305395090343,2.5256203137379485,1.9694548312306022,1.335148150125979,0.0,0.43458998205928245,63.456353785354835,1.6595873966362757,2.0,73.38075445914491
80,81,6,1,11.273460783212034,13.86121183717407,1.406190963721436,0.0,0.017572859994834242,0.2530697000038344,1.0,3.97816345888584,0.7656312193350875,3.5138207392710403,0.1187356069394875,0.0,0.7135440336547837,58.438673409859874,3.4346909844390487,2.0,68.98509599349931
1,92,6,1,7.866123605226937,5.550604542581325,7.066383236408914,0.0,0.017337500001303803,0.216673900024034,1.0,0.9627294092317586,0.02907324772911728,0.37066515700289443,4.485928662845289,0.0,1.0709842618221768,49.272580194487105,0.9011251904958902,2.0,58.13035671438247
178,127,6,1,13.219042972323045,3.5411146894982215,2.6773856708576766,0.0,0.018113250000169476,0.220027300005313,1.0,1.92557943962129,1.1862042345515398,0.3893441931367657,0.9154032643025216,0.0,0.10714398519249543,50.117116564999414,0.48333245873654346,2.0,55.19854470091928
108,139,6,1,3.116193772519328,2.329491387914479,0.7014876048095047,0.0,0.017862920000334213,0.2042124999861698,1.0,1.4458547406141322,0.9977105720391019,0.8475923582807217,0.69202397264343,0.0,0.27303112832647997,46.1342413091073,0.20645152433867542,2.0,51.15105086473571
127,64,6,1,12.976206842251177,2.1819096738317563,0.8564259947204045,0.0,0.018688679981278218,0.1745411999872885,1.0,0.8381284633631394,1.1337107834912756,0.9034092525240134,0.5659789138062398,0.0,0.9810470672609701,38.66167849246421,1.0802857317689873,2.0,45.326110241315696
143,60,6,1,12.492228781521572,4.502553016497726,1.0844244105020227,0.0,0.01884949002123895,0.1759798999992199,1.0,1.5118089304508437,1.0290901134219903,0.025718511234884122,0.3804982608285847,0.0,1.2252685957924885,39.02400761905684,0.11161766679450257,2.0,43.796200767129285
265,71,6,1,4.428477664416744,10.374579740430306,8.694896089626761,0.0,0.020066895005584166,0.125413000001572,1.0,1.0026879724243645,0.7140365148215755,2.195141279428691,5.810752023401741,0.0,3.0741364039920014,26.288996457106393,0.8436697854813004,2.0,40.926732464231705
135,61,6,1,12.856414932566315,0.9197422109073237,1.3661964445423656,0.0,0.034162530010507855,0.0631654000026173,1.0,1.2094698420347707,1.1078155810492138,1.3807737297782068,0.1512718397349235,0.0,24.481117755190073,10.61226165967591,0.5463433773501268,0.0,38.27958394277845
136,56,6,1,3.4592944852223604,5.058877092036884,0.9289352801190087,0.0,0.01926889000460504,0.1331484999973327,1.0,0.8664118980489642,0.9235431058317956,0.18468887075256663,0.5069913565612891,0.0,1.8622095792582574,28.23714195928,1.0396176980550405,2.0,34.75419256973895
82,59,6,1,3.047751807052644,8.962405862709197,0.22059270245036566,0.0,0.018429000000469348,0.0319206000131089,1.0,19.770253500769027,1.0125055490617976,1.6610428616415376,1.0832402896402697,0.0,0.5866721771256068,2.743421041844742,26.14173690622961,0.0,33.22861882554356
102,47,6,1,3.978909104535314,4.594684096103602,0.5538324545239196,0.0,0.017801749992940975,0.1336032999970484,1.0,1.958605714674448,0.8112189447564657,0.009126393222581663,0.8121439901294994,0.0,0.36592976021232915,28.35168097735514,0.5308201023776835,2.0,32.8809201680537
10,59,6,1,9.39468499138552,5.6403951188073735,11.888074306581299,0.0,0.030559195000387215,0.0321921999857295,1.0,1.1836893870176517,0.359499623298427,0.4046248594525106,8.408457707997565,0.0,19.008748093459516,2.8118220844846835,0.5834124400521382,0.0,31.576564808744838
28,144,6,1,13.219725716224449,6.552407996706507,3.1224238320439723,0.0,0.01897521999489976,0.1146285000140778,1.0,0.968539805634417,1.186351822077187,0.7495573375079033,1.277449502447761,0.0,1.4162141757896594,23.57297614098693,0.8927705688093971,2.0,31.09531954761884
9,68,6,1,7.461009259818708,5.288243580124627,12.052468276042658,0.0,0.018513420005910962,0.089692899986403,1.0,1.0085528784663145,0.0584995943278043,0.2714375922193243,8.542195044271374,0.0,0.7148804828546794,17.293074768801937,0.835236785766358,2.0,29.715324268241478
84,50,6,1,13.313729330981367,6.026759752321534,1.2612797542325973,0.0,0.02425861998926837,0.0794413999828975,1.0,3.0948160187599187,1.2066724150188954,0.5507518645645397,0.23662338114891937,0.0,9.440091433597608,14.711287730691035,2.1645480942555584,0.0,28.309974919276556
285,69,6,1,12.219332818150901,4.431428095286129,13.318281445971015,0.0,0.020311365013185385,0.0681978000211529,1.0,0.7472290391850587,0.9700986820666055,0.05261867451056544,9.571955941956329,0.0,3.445411972053922,11.87964547024036,1.2109877093794101,0.0,27.13071845020719
228,67,6,1,5.764985192402211,8.628949355680032,11.58622232859664,0.0,0.018486824999854424,0.0588456999976187,1.0,6.27915338384655,0.42512607760115007,1.5349262441237899,8.16289590535409,0.0,0.6744907594765952,9.52436764634914,6.743226064538533,0.0,27.065032697443296
147,76,6,1,17.817879717117222,1.614444005406051,3.7975267803535724,0.0,0.018858070007990998,0.0903558999998495,1.0,1.244331175687078,2.1803265322736753,1.1180304974260906,1.8266574223814758,0.0,1.2382989854365465,17.460047879117326,0.49621714947032375,2.0,26.319578466105437
122,76,6,1,13.082964598230866,4.148245845836435,2.646348239743279,0.0,0.024149459978798343,0.0630222000181675,1.0,3.9265212679675585,1.1567884162849003,0.15972106024550273,0.8901537775018701,0.0,9.274310586717547,10.576197487253944,3.360435987312433,0.0,25.417607315316197
298,65,6,1,7.930019398955966,3.9327783978281,1.8111372323436459,0.0,0.018152515008114257,0.1054851000080816,1.0,2.2836901006015555,0.04288548695430521,0.24121302443025208,0.21069518347817087,0.0,0.16677558692841937,21.270258332698198,0.9982506996023974,2.0,24.930078314091745
61,58,6,1,6.524061294912722,1.3233113174315467,1.552144354786613,0.0,0.018772020010510378,0.0888623000064399,1.0,3.644481616837947,0.2610379568327999,1.2281398192783195,0.0,0.0,1.10761521768186,17.08389247729429,2.954898323014631,2.0,24.635583794101905
226,68,6,1,20.9990898257136,5.011907931995175,22.669800188457383,0.0,0.01861330998654006,0.0324589999800082,1.0,1.4568045942618433,2.868003020523587,0.16692466022662852,17.179578112237188,0.0,0.866582974565886,2.879014277506316,0.190707007371255,0.0,24.15081005243086
36,106,6,1,8.090350373729112,2.370032088699606,1.5639474243565088,0.0,0.01907864000531842,0.0956027999927755,1.0,1.1076036825333226,0.0775439464479883,0.8322594559470086,0.00960200115189342,0.0,1.5732777088337264,18.781452394297386,0.6928141456614245,2.0,23.96694965233943
236,60,6,1,10.022956412425053,4.95934216137192,1.825831773094376,0.0,0.017812640007468784,0.0901269000023603,1.0,0.6928115552763944,0.4953119304832792,0.14704375507566403,0.2226494464247292,0.0,0.34939114114127257,17.402375418985358,1.289233229939714,2.0,21.906004922050016
254,63,6,1,18.16477421491327,13.475337469912516,9.159782345704356,0.0,0.017659359995741343,0.0435033999965526,1.0,0.7105253592633047,2.255314094205841,3.367879157805449,6.188945029883857,0.0,0.5821768475968228,5.660489066237302,1.263763000254245,0.0,19.31856719598352
29,30,6,1,7.510437562512241,6.015283333468184,6.216437404793032,0.0,0.0248528999858535,0.0297243999957572,1.0,1.9779884525767064,0.04781476671312028,0.5464113670888828,3.794483034579394,0.0,10.342621954559888,2.19031947271255,0.5586900498304482,0.0,17.480340645484283
282,76,6,1,5.563498563119496,8.667749386004301,9.216999045107974,0.0,0.01871355998446232,0.0458818000042811,1.0,0.819406877670486,0.4686810811766869,1.5496008073154894,6.235491804036771,0.0,1.018832223019738,6.259476756750549,1.1072050252206047,0.0,16.639287697519837
59,69,6,1,17.92894971142955,8.392944749819394,1.0163426307518348,0.0,0.0185903899968252,0.0489429000008385,1.0,4.433717109747442,2.2043363338998683,1.4456669194972365,0.43588396568383664,0.0,0.8317744829850356,7.030398894073941,4.08972003015238,0.0,16.037780626292296
205,64,6,1,8.807106304234873,3.759672897453236,1.970764286349,0.0,0.01804257002077058,0.075519300007727,1.0,1.1557118000581634,0.2324837914744384,0.30668327233603265,0.34055455161593645,0.0,0.00019740101441986923,13.723527220072327,0.6236407030740119,0.0,15.227086939587165
179,67,6,1,11.364976256100872,3.0188770556973132,1.7986861624769077,0.0,0.019896475001587498,0.0566164999909233,1.0,0.5159459700632342,0.7854139551080774,0.5868597387238914,0.20056602288187522,0.0,2.815320263665336,8.96295520127526,1.5435437711516913,0.0,14.894658952806132
104,69,6,1,3.1728681534207515,8.259702825479643,10.561223763160395,0.0,0.018839945000945588,0.0315270999853964,1.0,2.4065354836558472,0.9854593726836388,1.395273478508498,7.329041851734817,0.0,1.2107726137849042,2.6443201033774906,1.1748869616105082,0.0,14.739754381699855
199,69,6,1,3.4071684596133385,7.806698113525947,9.27139914940673,0.0,0.01822405500424789,0.0389849999919533,1.0,2.586922212244275,0.9348110953746344,1.2239425229359175,6.279747229377315,0.0,0.2754230769182293,4.522553489893772,1.4342604656163496,0.0,14.670737880116217
118,72,6,1,4.889748055664819,5.99716431024197,2.40731140791342,0.0,0.01803659999859515,0.0643003000004682,1.0,0.8255158475836298,0.6143245209705634,0.5395585695760252,0.6956931822318623,0.0,0.00926404847875965,10.89808033040718,1.0984210922526,0.0,13.85534174391699
70,53,6,1,7.448533917995047,7.216700535175088,11.637468586194036,0.0,0.01747864999924778,0.0310738000262063,1.0,1.215417036111264,0.061196366613240426,1.0007994822191721,8.204585621877953,0.0,0.8566203560702959,2.530158862718757,0.5377920577564204,0.0,13.191152747255838
88,36,6,1,1.5121034590820261,8.584584021241024,12.071695394303841,0.0,0.01752393999195192,0.0195004999986849,1.0,1.9253124228988692,1.3444639004657408,1.5181468267288796,8.557836637383927,0.0,0.787838635425946,0.3845166471096485,0.48294852216058587,0.0,13.075751169274726
186,50,6,1,12.244389325816972,11.334659658283783,7.973722009488592,0.0,0.018754260014975377,0.0315993999829515,1.0,1.3091948932219066,0.9755151024259677,2.558253197277118,5.224064441227006,0.0,1.0806431874695055,2.6625284822956368,0.4029512544041779,0.0,12.90395566509941
203,79,6,1,5.6220384015746205,7.738123027347133,14.351841553671438,0.0,0.018231769980047798,0.0197286999900825,1.0,1.5569543048360537,0.45602662920485554,1.198006733012635,10.41277495822331,0.0,0.2871397780825186,0.32704566435728233,0.04670427745828363,0.0,12.727698040338884
140,46,6,1,10.361683578732448,6.293796853990898,13.32559474534815,0.0,0.01722013999242332,0.0192228999803774,1.0,1.5751259188576703,0.5685339750039065,0.6517479924083952,9.577905437435243,0.0,1.2492184116567449,0.4544287700965848,0.02057577432997342,0.0,12.522410360930849
95,86,6,1,19.714105982908833,4.570553610639635,1.4914132481739606,0.0,0.01841135999420652,0.0468724999809637,1.0,3.5320238814722296,2.590230365995042,0.0,0.049405805176118735,0.0,0.5598823741141471,6.50897940100566,2.7931981962779298,0.0,12.501696142568898
87,49,6,1,5.263612808424426,6.824922774740661,11.7915331601242,0.0,0.017437250017246678,0.0182337999867741,1.0,1.266164724892583,0.5335068473552909,0.8526251778552543,8.329919816307891,0.0,0.9194943338888173,0.7035284669221574,0.4648232425757838,0.0,11.803897884905195
300,50,6,1,7.701423672154573,12.333643125160634,9.485539065806098,0.0,0.01850146001088428,0.0261090999993029,1.0,1.8051103388904493,0.00652964165066398,2.936078830134365,6.45395375351553,0.0,0.6967168889188858,1.2798249434693796,0.31011299283956406,0.0,11.683217050528388
257,50,6,1,15.905068023365603,6.889112877021988,3.8421077677555395,0.0,0.01800664000911636,0.0465958999993745,1.0,1.189122240558973,1.7668374563123075,0.8769025225979412,1.8629248263691667,0.0,0.054764157968720334,6.439319132072869,0.5756006776747731,0.0,11.576348772995777
230,67,6,1,5.077825129951772,4.129685812295017,7.349736149627357,0.0,0.018966024996188924,0.0349937000137288,1.0,0.9070414392692282,0.5736682368677082,0.16674065231198712,4.716441156481286,0.0,1.4022497700811958,3.5173653178732245,0.9811975107446217,0.0,11.357662644360023
2,70,6,1,3.167505963125929,2.8120284158261493,10.165111058511355,0.0,0.018295280000893335,0.0198326999961864,1.0,2.942038387954778,0.9866185077502935,0.6650919826561301,7.006797318327965,0.0,0.38359217851568084,0.3008538029096225,1.9448730120267963,0.0,11.287826802186489
139,65,6,1,8.272156176763998,12.625146965593917,6.911567076263655,0.0,0.018227285001194075,0.0309883000154513,1.0,0.9220729418681171,0.11684458108279036,3.0463285255936396,4.359983040035611,0.0,0.2803284596389987,2.508626129026115,0.9595840942252601,0.0,11.271694829602415
165,53,6,1,8.565285106667636,8.404216386870115,11.476698325234285,0.0,0.017670950006868177,0.0187839999853167,1.0,1.516376237963945,0.18020973655487862,1.4499299664276724,8.07379623511851,0.0,0.5645751466471559,0.5649634545707763,0.10505045110842985,0.0,10.938524990427423
26,115,6,1,13.234128316353495,2.07444294467673,1.0873150081671639,0.0,0.018351850015460476,0.0343174999870825,1.0,4.603894762694981,1.1894652063367321,0.9440542544688769,0.37814670965403785,0.0,0.4695048207239101,3.347067852783366,4.334414163107152,0.0,10.662653007074077
141,82,6,1,10.853106838195883,6.372279529065272,8.111848333243689,0.0,0.0177761999948415,0.0325458000006619,1.0,1.2118149444464268,0.674764060341227,0.6814309324784741,5.336432593591879,0.0,0.40473243441945356,2.900874411940774,0.5429714140437153,0.0,10.541205846815522
146,91,6,1,12.514425615877746,5.498181033290055,11.830917440813591,0.0,0.01805483499047111,0.0191157000081148,1.0,1.4560983521550863,1.0338883633266638,0.35083805652394984,8.361959609541895,0.0,0.018429356670532575,0.48142652640334826,0.1917224949924312,0.0,10.43826440745882
176,65,6,1,4.314020596009397,3.33353315168286,10.889296144255582,0.0,0.017797639987838846,0.0195211000100243,1.0,2.123809738085956,0.7387784941850426,0.4678536264707989,7.595934405618848,0.0,0.3721716076029479,0.37932864123316057,0.7683627795103892,0.0,10.322429554621184
18,42,6,1,3.9431402155097506,9.538074973681939,9.451086404410981,0.0,0.0182095000054687,0.0200232000206597,1.0,1.1253129285842294,0.8189510413970592,1.8787667313364278,6.425925917837475,0.0,0.2533184617431044,0.25287736104484193,0.6673504697165858,0.0,10.297189983075494
19,74,6,1,3.3134714653551827,6.842657109229565,10.362242833841,0.0,0.01811503999051634,0.0201914999925065,1.0,2.1414720905887594,0.9550654067126082,0.8593324822038639,7.167167425661556,0.0,0.10986243597252181,0.21049188714542139,0.7937590284112208,0.0,10.095678666107192
249,44,6,1,16.200709954136112,8.147940786413585,3.340630204610034,0.0,0.020016439989558377,0.0282679999945685,1.0,1.9244864974019533,1.8307458426783343,1.3530039469900599,1.4549641589803068,0.0,2.997510584242753,1.8235326957445042,0.48176094482682535,0.0,9.941518173462784
38,51,6,1,17.800850817347534,6.795801272243918,1.410976299316549,0.0,0.017526115002692636,0.0292903999797999,1.0,4.173040850327544,2.1766454255273042,0.841611131601832,0.1148426537018258,0.0,0.7845354557998468,2.0810188225291295,3.7149002452050057,0.0,9.713553734364943
211,41,6,1,9.2008245159242,3.127284037955158,1.0832634977926672,0.0,0.019439984987548023,0.0212467000237666,1.0,5.779194997457814,0.3175931517279217,0.5458591235627961,0.38144268338802717,0.0,2.122050807260021,0.05525476089535054,6.024348575326879,0.0,9.446549102160995
280,40,6,1,5.650880029285579,5.320041953672393,10.584274829525576,0.0,0.01762850999948565,0.0189137999841477,1.0,1.7265197156737533,0.4497919862285592,0.28346405812979264,7.347794292740109,0.0,0.6290286066200554,0.5322739989385182,0.19710952808786183,0.0,9.439462470744896
244,70,6,1,10.764794365044029,7.581912031639769,1.2865244618473475,0.0,0.020228219992713938,0.0322800000139977,1.0,2.0535238690187683,0.6556737112814074,1.1389261573381315,0.21608637506244396,0.0,3.319139980614336,2.833934065643645,0.6673005102142555,0.0,8.83106080015422
42,45,6,1,12.705458160327163,4.609895899929021,9.313918115734,0.0,0.018155215002479925,0.0200695999956224,1.0,0.9676440252956611,1.0751835261181535,0.014879651006924515,6.314337143571591,0.0,0.17087605696854216,0.24119176831339725,0.8940585886493311,0.0,8.71052673462794
105,60,6,1,6.418706788273564,3.126609716006222,6.474533957627976,0.0,0.01750116999610318,0.0317553000058978,1.0,1.6711736403842672,0.28381225173119157,0.5461141589318025,4.00444904240008,0.0,0.8224193319557974,2.7017910934594984,0.11752880952203905,0.0,8.476114688000408
292,70,6,1,5.640030671897343,2.50973544149,9.255288280763942,0.0,0.017999960004817614,0.0199449000065214,1.0,1.923064006166978,0.4521372723724543,0.7794222374839959,6.266640759204454,0.0,0.06490905228524152,0.27259681298036753,0.4797155807420041,0.0,8.315421715068517
68,100,6,1,6.415297194295946,2.729891459490949,0.9586007121428542,0.0,0.018157189991325106,0.0212829000083729,1.0,6.175231732172167,0.2845492975511298,0.6961570087924843,0.4828580147405398,0.0,0.17387546418665253,0.06437153902580954,6.593799756141095,0.0,8.29561108043771
231,47,6,1,13.626550420785662,5.712847112945511,8.182889445536505,0.0,0.01774692498293005,0.0191641999990679,1.0,1.4247323550216293,1.2742943894071397,0.43202693510706774,5.394225766632832,0.0,0.44919227137079343,0.4692120555504589,0.2368228671029759,0.0,8.255774285171269
233,37,6,1,3.1125464077245937,5.685643294404292,6.849984195982754,0.0,0.0177412749981158,0.0197788999939803,1.0,2.79222992400749,0.9984990163504761,0.42173817628646076,4.309884302254526,0.0,0.45777287944634115,0.31440305407272534,1.7294672195508105,0.0,8.23176464796134
22,66,6,1,12.890429316010465,7.6382776457149,4.02665009629596,0.0,0.01754583999863818,0.0187815999961458,1.0,3.331381237733119,1.1151684093624559,1.1602442016456145,2.0130532010876974,0.0,0.7545791877628827,0.5655678793799177,2.5046992253899605,0.0,8.113312104628527
173,64,6,1,12.862483965632576,2.699130070839904,2.4454781346578334,0.0,0.019590850014355888,0.0309264000097755,1.0,1.1214505505477412,1.1091275130510647,0.7077912765456679,0.7267424742820059,0.0,2.3511688863175344,2.493036934053855,0.6729040851790894,0.0,8.060771169429218
281,92,6,1,18.397877809158622,3.0444129641266464,2.3762851213102225,0.0,0.0191759500012267,0.0318032000213861,1.0,1.5567660981673141,2.305703680437794,0.5772018003467322,0.6704527616837432,0.0,1.7210619886456016,2.7138544636073503,0.046974895055987384,0.0,8.035249589777209
321,23,6,1,10.940241934989448,13.751567256221227,2.853880230982224,0.0,0.017953475000103847,0.0208401999843772,1.0,3.3668276322879285,0.6935998980636067,3.4723520517887656,1.0589846402812944,0.0,0.1355056326216618,0.047120163001468963,2.555666697509438,0.0,7.963229083266236
227,42,6,1,4.242941022541589,5.911048767518358,7.660464524052287,0.0,0.0174811999895609,0.019662500009872,1.0,1.4494868407157138,0.7541436382025846,0.5069888018999754,4.969224061088065,0.0,0.8527476965512574,0.3437177855856127,0.20122901968093745,0.0,7.628051003008433
85,27,6,1,14.058610870674357,3.5317429021511435,3.006138049966461,0.0,0.017901774997881127,0.0181442000030074,1.0,4.086748882568813,1.3676921225805168,0.39288869772850166,1.182849008326727,0.0,0.21402220765017813,0.7260937575259432,3.590823212375125,0.0,7.474369006186992
268,60,6,1,3.888692189035913,7.229564431185556,6.56089799369698,0.0,0.01864708998473359,0.0214225999952759,1.0,1.23643001085275,0.8307209737056761,1.005664737563547,4.074707678842571,0.0,0.9178845151576923,0.09955425524168976,0.5075780340810938,0.0,7.43611019459227
151,57,6,1,11.584292855261408,8.427015604143273,2.0330466007860086,0.0,0.01851100000203585,0.0321570999803952,1.0,0.87848376281334,0.8328232313196934,1.4585528605800768,0.39122229117514856,0.0,0.7112052331900673,2.802982330421498,1.0222598697473673,0.0,7.219045816433852
217,56,6,1,4.1150452298928935,4.331313443117266,0.6951564481749091,0.0,0.019048700015991897,0.0320691000088118,1.0,0.8014218360327837,0.7817906425022785,0.0904830467130802,0.6971744780215611,0.0,1.527807973490546,2.7808199945769436,1.1330652606479301,0.0,7.01114139595234
323,53,6,1,15.73172805888473,3.8974434079918385,1.832595099779768,0.0,0.018332894984632662,0.0310161999950651,1.0,2.8301856520859308,1.7293668668264197,0.254577074326521,0.22815152961073365,0.0,0.4407178954594114,2.515652594002542,1.784042798729143,0.0,6.952508758954771
148,56,6,1,6.694028344636998,5.555936478299116,3.997449120902033,0.0,0.01770872001070525,0.0312214999867137,1.0,0.7351906430278808,0.2242964842853738,0.37268174892230505,1.9892977027651222,0.0,0.5072140013356845,2.5673563307416907,1.2282974140252652,0.0,6.889143682075442
159,40,6,1,18.100342893635528,10.472685718802847,1.2331500212665716,0.0,0.017145269992761253,0.019579399988288,1.0,1.8211616596618645,2.2413860909501464,2.2322459509219716,0.2595074052362752,0.0,1.3629231639414214,0.3646460944690871,0.3331927800555223,0.0,6.793901485574424
162,69,6,1,22.51758081721775,4.7627060400913654,2.098147290417626,0.0,0.016779560006398214,0.0195432000036817,1.0,2.1266419863963577,3.1962524969272184,0.07267398877944321,0.4441828276805147,0.0,1.918325375710231,0.37376287259954605,0.7724351975548431,0.0,6.777632759251796
60,53,6,1,4.699062277065912,5.018548536323857,4.366701958264431,0.0,0.01880058000970165,0.0305509000027086,1.0,1.5894357714919396,0.6555447240095744,0.1694362038269274,2.289691269768807,0.0,1.1509891678348143,2.3984692073090503,0.0,0.0,6.6641305727491735
53,88,6,1,5.39966212742305,3.8564484344013623,1.4208137059806831,0.0,0.019227719976333903,0.0317709999799262,1.0,0.7505302180126905,0.5040973098761566,0.2700817872215315,0.10683975330703534,0.0,1.7996848311982627,2.7057450503859313,1.2062410280322122,0.0,6.59268976002113
119,78,6,1,16.26841281114913,6.024192867863814,3.7355721719195913,0.0,0.017486179980915,0.0199976000003516,1.0,2.470364699553707,1.845381047951129,0.5497810429474997,1.7762562773212551,0.0,0.8451846047140276,0.2593245932142051,1.2666653729987798,0.0,6.542592939146897
55,40,6,1,15.289787645893076,7.5174769849401955,0.9811646892105629,0.0,0.01785997002152721,0.0189054000074975,1.0,3.324464276891886,1.633833399734581,1.1145561721435178,0.46450182929975986,0.0,0.2775112486818864,0.534389489435373,2.4947535027500476,0.0,6.519545642045166
76,92,6,1,4.795912470147632,1.3318969429395298,0.8977297579209553,0.0,0.017646649997914148,0.0306428000039886,1.0,2.355264966429649,0.634608791332638,1.2248926490311778,0.5323775883645291,0.0,0.6014794676182338,2.421613745379181,1.1011663846633415,0.0,6.516138626389101
16,93,6,1,8.291280335058667,2.252013900835015,2.425330178018547,0.0,0.017452644999138966,0.0189988000201992,1.0,3.917513870701089,0.120978616109674,0.8768951261028005,0.7103517632289966,0.0,0.8961140399073737,0.5108671812784995,3.3474844791318765,0.0,6.462691205759221
191,59,6,1,6.785762569106414,1.8886513941785121,3.159296173099136,0.0,0.017727995001769123,0.0298678999824915,1.0,0.9310117801244726,0.20446646137522703,1.014322494609003,1.3074457893617768,0.0,0.477941153811986,2.226459199151902,0.946731165307289,0.0,6.177366263617184
161,76,6,1,9.240413088929015,2.2273478542258323,0.9321738023087974,0.0,0.01868000000540629,0.0328071000112686,1.0,1.2995157623188214,0.3261509426092001,0.8862240739574997,0.5043567627708656,0.0,0.9678648245628344,2.966681462636959,0.4168686313515278,0.0,6.068146697888886
117,82,6,1,2.3574397366724016,3.2899219077439583,0.48902477906288205,0.0,0.0172530999989248,0.0200192000193055,1.0,2.9953313117928184,1.1617290722339482,0.48434783922531155,0.8648661545413379,0.0,1.1991621889845396,0.2538847406132147,2.021501556170569,0.0,5.985491551768921
204,72,6,1,6.296768845492031,2.76295401691253,0.326842420603118,0.0,0.018471150004188502,0.0330958999984432,1.0,1.7380402085361586,0.31017135830193654,0.6836524157778054,0.9968043070300204,0.0,0.6506852097597303,3.0394142396197426,0.2136745527156661,0.0,5.894402083204902
89,69,6,1,1.4249200367626722,3.2830974174475056,0.4036481052510872,0.0,0.017112135000934284,0.0189173000107985,1.0,0.794979444305456,1.363310184630428,0.48692893035512425,0.9343215547176259,0.0,1.413245136088419,0.5313925354027442,1.1423286123898855,0.0,5.871526953584228
305,57,6,1,4.895507781060182,6.039776163018067,0.965377050656359,0.0,0.01948972499667425,0.0282056999858468,1.0,1.7076285053148315,0.6130794514536322,0.5556748025029647,0.4773453462074112,0.0,2.197590749050627,1.807842762082418,0.16994633562881667,0.0,5.82147944692587
200,56,6,1,7.784943095406104,7.711681161904514,1.4925010003552184,0.0,0.019376099991495636,0.0291312999906949,1.0,1.8581433388234854,0.011524602401644763,1.1880061525465566,0.04852089997111587,0.0,2.025028933563866,2.040950316506166,0.3863677989897299,0.0,5.70039870397908
307,30,6,1,10.256277214737075,4.438993511568143,2.4896199235192267,0.0,0.01905086000915614,0.0199479000002611,1.0,3.33759001822083,0.5457484701937535,0.049757357692663505,0.7626525826638778,0.0,1.5310883459866784,0.2718412801364981,2.5136266734528108,0.0,5.674714710126283
308,61,6,1,12.454967166859184,2.7871777391224395,1.5143345203037002,0.0,0.017647140008921185,0.030144200020004,1.0,0.9047800516511859,1.0210353369555412,0.6744907594765952,0.030758954025298633,0.0,0.6007352899713326,2.296043928726637,0.9844491026715717,0.0,5.607513371826976
114,48,6,1,4.395774445991473,2.2329365744128897,1.9314146849760119,0.0,0.01668836000899317,0.0187141000060364,1.0,0.9773478513487007,0.7211059109423752,0.8841103635593301,0.30854297060537794,0.0,2.0568304265998956,0.5825674013501142,0.8801057031719149,0.0,5.433262776229008
149,67,6,1,12.478752182353139,4.484322847133882,1.0740842399358839,0.0,0.018123450005077698,0.0307505000091623,1.0,2.53960167642508,1.0261769011306499,0.03261334533911878,0.3889101683496648,0.0,0.12263468956843564,2.44873743237785,1.3662194667972942,0.0,5.385292003563014
90,35,6,1,12.743654710927446,1.664483414554704,0.6946852910908354,0.0,0.01742944500292646,0.0177395999780856,1.0,1.24660549186298,1.0834404060108345,1.099105087690833,0.6975577724550309,0.0,0.931347776173637,0.8279901726461938,0.49294696789778253,0.0,5.132388182874311
35,42,6,1,11.19962316483691,4.532817627697777,2.6871410177378934,0.0,0.0168082999880425,0.0199634000018704,1.0,0.6962002345239647,0.749669873692518,0.014272129729105378,0.9233394076444089,0.0,1.8746780869660125,0.2679376852253243,1.2843607339569325,0.0,5.114257917214301
278,47,6,1,12.58234552522769,2.6758406435263535,0.5053287524400758,0.0,0.018342150011449076,0.0195516999810934,1.0,2.7449395128152814,1.048570488414161,0.7165995730844832,0.8516025903285553,0.0,0.45477346559829435,0.37162219743022884,1.6614695361692013,0.0,5.104637851024924
110,41,6,1,3.8360403932018,1.9954193994390994,0.7230399595237256,0.0,0.016918844988686014,0.0188668000046163,1.0,1.8336533484584807,0.8421026180558601,0.9739417570952958,0.6744907594765952,0.0,1.7067938613587763,0.5441106997046647,0.3511542626960846,0.0,5.092593958387277
193,46,6,1,8.237087982736636,9.410022679049263,2.5551402666680736,0.0,0.017919560003792797,0.0191540999803692,1.0,2.7434189630064614,0.10926395242426921,1.830336060697133,0.8159545145606693,0.0,0.187012194284404,0.4717556928086229,1.6592831761469578,0.0,5.073605590922056
142,62,6,1,5.747298580911826,4.4333541298191275,0.8887404628908211,0.0,0.0190590999845881,0.0285593000007793,1.0,1.9959140394948478,0.4289493607115243,0.05189022880504219,0.5396905352825248,0.0,1.5436023618749095,1.8968950895385341,0.5844647968237693,0.0,5.045492373036304
164,69,6,1,5.727553939887338,5.034322402104593,1.5695952263020265,0.0,0.019041294993075962,0.0319219999946653,1.0,1.4951743729444407,0.43321752437816935,0.17540203911731894,0.01419658567631605,0.0,1.5165619964621082,2.74377361992938,0.13553607532591172,0.0,5.018687840889204
115,46,6,1,3.121550005396409,1.926050886583887,0.5445592430356656,0.0,0.0176115999987814,0.0184485999925527,1.0,2.1784060328725263,0.9965527247767638,1.0001776289979865,0.8196879079946512,0.0,0.6547097532727748,0.6494322009595467,0.8468654076989525,0.0,4.967425623700675
111,82,6,1,6.457265830158253,3.439764243029201,0.9669774219681253,0.0,0.0181881999887991,0.0332712000235915,1.0,1.9068973943309084,0.27547701274716746,0.4276759552201143,0.47604341647734927,0.0,0.22097021638438002,3.083562640590686,0.4564700194269537,0.0,4.940199260846651
171,58,6,1,11.669194708747085,2.7581609846493094,2.9312083503418838,0.0,0.01717970001627684,0.018316000001505,1.0,1.7559776432539809,0.8511763128383171,0.6854651889699567,1.1218924022637355,0.0,1.3106344326382888,0.6828268200907477,0.23946633535979167,0.0,4.891461492160838
133,72,6,1,6.852373393642146,2.6098313358228413,0.6252836447182182,0.0,0.01761369997984725,0.0277190000051632,1.0,1.0169405106276894,0.1900673188060573,0.7415649596844425,0.7540172116260779,0.0,0.6515205208970225,1.6852698994625024,0.8231764221185887,0.0,4.845616332594691
107,43,6,1,4.905645257124777,8.180501250336713,0.8867732169425551,0.0,0.017437855005846305,0.018301700009033,1.0,1.185131210089276,0.6108880514197331,1.3653186431745141,0.5412909238720732,0.0,0.9185755402576414,0.6864281989325433,0.5813392792094861,0.0,4.7038406368659915
134,42,6,1,4.045669991912574,3.6164556020691276,2.4450899780421183,0.0,0.0169813999964389,0.0187908000079914,1.0,1.1423733840050359,0.7967873633717648,0.36084949936456717,0.7264267021644952,0.0,1.611791835276067,0.5632509041738201,0.6428196733711061,0.0,4.70192597772182
109,48,6,1,8.552690274640307,9.443988260551217,0.572248249002345,0.0,0.018932260008295954,0.0194417999882716,1.0,1.5075038891273886,0.17748713428624932,1.8431821865358926,0.7971624229407503,0.0,1.3509710255694534,0.3992999398931642,0.1178077765752624,0.0,4.685910485800773
214,31,6,1,11.521942033375867,2.285135046901363,1.5233291375216103,0.0,0.017860909999581027,0.0194524999824352,1.0,3.1677419308322183,0.819344965889227,0.8643683742711629,0.023441677415534917,0.0,0.27608370798140963,0.3966052019299391,2.2694064144603168,0.0,4.649250341947591
100,60,6,1,6.794089234617166,5.14733397498607,0.7875980826060545,0.0,0.018786249999538943,0.0296213000256102,1.0,1.6946913209882062,0.2026665010136675,0.2181441569399764,0.6219716102392101,0.0,1.1292262419213381,2.1643542806465965,0.1513442862595289,0.0,4.487707077020318
253,41,6,1,4.3692980141570805,2.39195693373888,1.0679431966735395,0.0,0.017027989981579582,0.0184341999993193,1.0,1.3832549456660788,0.7268292737646117,0.8239672582010753,0.39390601321270396,0.0,1.5410358216086613,0.6530587644737801,0.296462182510595,0.0,4.435259313771428
175,68,6,1,6.127864683069088,2.087989697528771,0.9018456763973826,0.0,0.01706665998208335,0.0186234999855514,1.0,1.229007675957483,0.34668306840619334,0.9389307357729323,0.529029217526103,0.0,1.4823078551604787,0.6053845460080448,0.5182504212614315,0.0,4.420585844135183
124,41,6,1,4.004863517604202,1.7612747307146894,0.17580467172648098,0.0,0.01747146500565575,0.0195993999950587,1.0,1.455599889216507,0.8056084257952786,1.0624976347191009,1.1196761269497986,0.0,0.8675321754937826,0.35960919662730184,0.19243922221514925,0.0,4.407362781800412
63,73,6,1,3.7708355890246357,3.524106398209699,0.8534086701465554,0.0,0.017939904991362624,0.0214975000126287,1.0,3.17792709199346,0.8561978237237937,0.3957769006168972,0.5684335595119323,0.0,0.15611434758608203,0.11841743564354444,2.2840513994873635,0.0,4.378991466569613
185,61,6,1,10.699222692957239,5.047291896073493,0.9079336688144212,0.0,0.017941044981125726,0.0280822999775409,1.0,0.8455173319643122,0.6414992004348999,0.18030723267568455,0.5240765304428869,0.0,0.15438304994743307,1.776765110827674,1.0696614649245146,0.0,4.346692589253093
50,31,6,1,12.882206570217921,5.512236600542111,1.2216186858260667,0.0,0.01816549001086961,0.019323800021084,1.0,2.9749082915105007,1.113390913140151,0.35615401396294344,0.26888834597604705,0.0,0.1864806688150156,0.42901761883558986,1.9921358130559894,0.0,4.346067373785736
54,57,6,1,8.180902619484963,5.412531201980124,0.9707423718633057,0.0,0.018040775001281824,0.0321867000020574,1.0,1.165889730872928,0.09711846313780266,0.31844442560635183,0.47298056464747035,0.0,0.0029234895310017465,2.8104369421592095,0.6090061143788663,0.0,4.310909999460702
126,52,6,1,4.254238578505302,1.54692603072083,0.22173346987728992,0.0,0.0180427000013878,0.0190440000151284,1.0,1.0629348192775607,0.751701465775828,1.1435664771099547,1.0823122556163656,0.0,0.0,0.49948379728679254,0.7570423717247692,0.0,4.234106367513711
201,82,6,1,6.058228757700277,3.8098401231931636,0.28069587755719305,0.0,0.0182343999913427,0.0190875999978743,1.0,2.783120078909227,0.36173614160128187,0.2877095210755254,1.034345317600102,0.0,0.2911339651286327,0.48850336805431605,1.7163684042301004,0.0,4.179796717689959
11,55,6,1,11.426144486441538,4.231561755791462,1.126515487647809,0.0,0.017242680003982925,0.0177113999961875,1.0,2.1809721327224407,0.7986365818435653,0.1282101419474762,0.34625644188098686,0.0,1.214986991295497,0.8350921916399588,0.8505551376192713,0.0,4.173737486226756
187,58,6,1,8.946445239376406,4.0633392767355545,2.221273083319247,0.0,0.01911642000195566,0.0195974000089336,1.0,0.7678739442440654,0.26260443937998945,0.19183358189170163,0.5443477888601504,0.0,1.6306540301686088,0.3601128827466417,1.181302923769489,0.0,4.17085564681658
8,57,6,1,3.3250033557288683,1.024840137981594,0.4666440480908725,0.0,0.017869349991087725,0.0186390999879222,1.0,1.6716499433001093,0.9525725786363897,1.3410246326955861,0.8830732661152256,0.0,0.26326592852521224,0.6014557664244068,0.11821367340984777,0.0,4.159605845806668
71,52,6,1,1.5489976450563774,3.4139842403198397,1.6056045210376644,0.0,0.017225300005520652,0.0188095000048633,1.0,1.9437311736679208,1.3364885504003297,0.4374262125183432,0.04349076948866439,0.0,1.2413819215583592,0.5585414070738756,0.5094323769528042,0.0,4.126761237992376
167,50,6,1,8.766980330338754,3.9695157984017415,2.2877934552152697,0.0,0.018206819996703358,0.029638200008776,1.0,1.1831343202666855,0.22380983160554255,0.22731856863444125,0.5984632614317167,0.0,0.24924834374979277,2.1686104536424344,0.584210556461709,0.0,4.051661015525637
156,64,6,1,8.181192535858562,9.469329984825169,1.3660523099810562,0.0,0.01778990998573134,0.0189668000093661,1.0,2.317808512823893,0.09718113384073562,1.8527666825050138,0.15138909569241188,0.0,0.3839111291571242,0.5189262178253515,1.0473086995920438,0.0,4.051482958612681
129,39,6,1,17.117241156201118,6.113603556968457,2.2649574415132743,0.0,0.017952055011119197,0.0186909000040031,1.0,1.6411305941631054,2.028870750148098,0.5835970682524797,0.5798857694858526,0.0,0.1376621638955416,0.58841020138067,0.07433067498980661,0.0,3.9927566281524483
234,45,6,1,4.947592127108691,8.02916374118149,0.8678739738047345,0.0,0.0182400000048801,0.0204481999971903,1.0,2.3334731013922476,0.6018204717066972,1.3080812693164938,0.5566657849033183,0.0,0.29963868203707056,0.14584332405231124,1.069832414377371,0.0,3.981881946393262
237,47,6,1,14.565101776419407,5.633913779271638,1.785859404084791,0.0,0.01751082498958565,0.0189714999869465,1.0,1.2065747804502112,1.4771793540123797,0.40217355140483313,0.1901312331751117,0.0,0.807756334130371,0.5177425528795059,0.5505061130090964,0.0,3.9454891386112974
180,72,6,1,11.191488464049504,5.187799439450178,1.5726309747179759,0.0,0.01757409998390355,0.0269459999981336,1.0,2.1002794366041475,0.7479114100011919,0.233448604137498,0.016666219496076832,0.0,0.7116608674921299,1.4905938620117658,0.734529155532566,0.0,3.9348101186712285
41,50,6,1,7.15461255020975,3.211879034059407,2.0964775564760747,0.0,0.017954079998889896,0.028917999996338,1.0,1.094189766475522,0.12473282196210932,0.5138644419695477,0.4428244702519503,0.0,0.13458682352041115,1.9872318206302981,0.7121016755012176,0.0,3.9153420538355346
7,53,6,1,13.256078861770423,6.41306773539229,1.3975917170104608,0.0,0.01814672500768208,0.0184119000041391,1.0,0.907010031192269,1.1942102164027737,0.6968574439069332,0.12573124280651632,0.0,0.1579823377252618,0.6586749024522697,0.9812426716222469,0.0,3.8146988149160013
316,47,6,1,9.11972897117768,6.315994984467957,1.1462871528262701,0.0,0.018027124991931424,0.0193699999945238,1.0,2.9552630863260996,0.300062873148301,0.6601435494659741,0.3301718504368554,0.0,0.02365370108270623,0.4173823954490464,1.963888470552109,0.0,3.6953028401349917
130,68,6,1,4.364443467199001,6.396754089050901,2.9114085246550854,0.0,0.01808575002069115,0.0194105000118725,1.0,1.1290554430258641,0.7278786724808912,0.6906874581589065,1.1057849017592203,0.0,0.06537988250076131,0.4071826764032103,0.6619692030784283,0.0,3.658882794381418
123,53,6,1,5.756281396094605,2.374986739410984,0.7366218794018109,0.0,0.01813332501042162,0.0195625999767798,1.0,2.4208236835064265,0.4270075616512237,0.8303855570260731,0.6634416328454242,0.0,0.1376318184786616,0.36887709012212877,1.195431601951739,0.0,3.6227752620752502
56,85,6,1,8.667451578588436,1.2523240291313735,1.449955082074318,0.0,0.017929535015718964,0.0200460999913048,1.0,0.45523407660111004,0.2022948797013582,1.2549879283973657,0.08313274004562748,0.0,0.17186318580008583,0.2471101223612913,1.6308398636376806,0.0,3.590228719943409
272,36,6,1,3.4160748391670808,2.324786818931063,0.972461984231999,0.0,0.018419040009030118,0.0189081999997142,1.0,1.7483881254893556,0.9328858192672851,0.8493716737673301,0.47158163025610517,0.0,0.571545980191364,0.5336843259364293,0.22855356016990047,0.0,3.5876229895884144
241,50,6,1,5.470839912806331,1.7209361409856776,1.040438723636044,0.0,0.01757722000475036,0.0202275999763514,1.0,1.1406676526000674,0.4887109355648488,1.0777540966108887,0.41628137753842526,0.0,0.7069225050090162,0.20140029368739942,0.6452723013158642,0.0,3.5363415097264426
311,44,6,1,5.811711161014271,3.6280313282638974,0.5550719611056926,0.0,0.018875789985759096,0.0191322000173386,1.0,1.727976625887804,0.41502540870210813,0.35647144284978377,0.811135630096079,0.0,1.2652102408353154,0.47727108476767016,0.19920438235013085,0.0,3.524318189601088
128,34,6,1,6.448171517746006,6.943153167786496,0.5144473213006192,0.0,0.018519080011174017,0.0200223000138066,1.0,1.2324946098682763,0.2774429139637522,0.8973411061530051,0.8441844769145774,0.0,0.723476308943506,0.2531040230969074,0.5132366473892818,0.0,3.5087854764610302
166,53,6,1,7.055038586603062,2.552008293308428,0.9445716126311046,0.0,0.017908064997754936,0.0183490999916102,1.0,0.7562596017041487,0.1462575472322627,0.7634342181417828,0.49427092973473963,0.0,0.20446961140668718,0.6744907594765952,1.198002892469379,0.0,3.4809259584614463
190,46,6,1,4.611417402513202,6.816874537067667,0.9404296503471609,0.0,0.0179250399873126,0.0190208000130951,1.0,1.057196611141665,0.6744907594765952,0.8495812531127447,0.4976404876608374,0.0,0.17868976645675957,0.5053265973173483,0.7652931957325481,0.0,3.4710220597568333
248,72,6,1,2.252713359439621,6.003383349029692,1.792778009027846,0.0,0.01755884999874975,0.0188463000231422,1.0,1.7494659916394248,1.1843675855242097,0.5419106728326295,0.19575963790824552,0.0,0.7348209555392045,0.5492735135790487,0.2301033965818164,0.0,3.4362357619651545
153,43,6,1,9.066695934740574,7.984564838258646,0.707896896058331,0.0,0.018264564999844864,0.020878100011032,1.0,1.120347064719613,0.28859881670017457,1.2912135139629015,0.6868099034057957,0.0,0.3369454361435229,0.03757523810970166,0.6744907594765952,0.0,3.315633667798692
181,39,6,1,8.136072065842866,2.0770967868399683,1.300622879699811,0.0,0.017273339998791843,0.0179294999979902,1.0,1.5033526316948813,0.08742752269611684,0.9430505445696896,0.20461706839966678,0.0,1.1684237866670373,0.780164838816116,0.12377676439784434,0.0,3.3074605255464715
263,51,6,1,4.889928727314301,3.4066523191913918,1.1555735180823792,0.0,0.017589150001003816,0.0185512000171002,1.0,1.1835708222398986,0.6142854655038699,0.4401992191118114,0.3226172317541453,0.0,0.6888044700834255,0.6235929175965249,0.5835829213403024,0.0,3.2730822253900795
94,43,6,1,10.204547697725916,2.6333299032757167,1.029971807558675,0.0,0.017873060016427134,0.0185065999976359,1.0,1.1362943430726147,0.5345661932039467,0.7326775642334667,0.4247963947241246,0.0,0.25763152871098316,0.6348252008831707,0.6515605722164671,0.0,3.236057453972159
145,66,6,1,8.708439188745947,2.892073897665023,1.2730132866495414,0.0,0.0174929800035897,0.0196851000073365,1.0,2.2708476113844283,0.21115509793677376,0.6348179732897028,0.22707794967314182,0.0,0.8348574389968263,0.33802609358978414,0.9797848099304162,0.0,3.225719363416645
250,46,6,1,5.863473436053741,3.8208262572231098,1.061365466622252,0.0,0.01730477999080898,0.0191267000045627,1.0,1.2525688278279912,0.4038360504680259,0.28355445426996967,0.3992571103281862,0.0,1.1206760035726568,0.4786562344227849,0.4843724382917935,0.0,3.170352291353417
52,68,6,1,12.15653770421081,3.5633000408399527,0.8841540074111981,0.0,0.01731036000128363,0.0208408000180497,1.0,1.5012564561802055,0.9565243748189061,0.3809534692771853,0.5434216961079062,0.0,1.1122016652311344,0.04696904763712642,0.12679080202969917,0.0,3.166861055101958
183,43,6,1,6.539987618090004,1.3701600151104536,0.9291617676868731,0.0,0.017627354996511677,0.0213847999984864,1.0,1.2670295809893823,0.2575951920925236,1.2104211688341748,0.5068071050092123,0.0,0.6307827047586503,0.09003452235202555,0.4635796879193905,0.0,3.1592203809659765
288,35,6,1,3.3710063482987165,3.517876313875655,1.4747186875044156,0.0,0.01705262001050866,0.0204526000015903,1.0,1.6610818777171643,0.942628194172775,0.3981331814106357,0.06298711890387813,0.0,1.5036303006952656,0.14473520579413784,0.10301811982194471,0.0,3.1551321207986374
113,52,6,1,5.389889310266551,5.437606087562165,1.1802874409091801,0.0,0.0179128999880049,0.0193027999775949,1.0,2.539437567881979,0.506209882247384,0.327928000488203,0.3025120282691131,0.0,0.19712673213391577,0.4343063707315453,1.365983499283528,0.0,3.134066513153689
91,72,6,1,8.370192120353858,5.941953556147674,0.44916790087243025,0.0,0.0178179999784333,0.0212248000025283,1.0,2.410398051153403,0.138036835322133,0.5186773049726997,0.8972904140129332,0.0,0.34125097587448605,0.04973935427699566,1.180440849494278,0.0,3.125435733953526
132,34,6,1,6.209662813909932,2.4942816651069135,0.4377542333576599,0.0,0.017792520002694778,0.019308999995701,1.0,1.406722706559127,0.32900091304964024,0.785267011732591,0.906575629860824,0.0,0.3799473074177627,0.43274492836926554,0.2627184840598672,0.0,3.096254274489951
313,37,6,1,10.36725278844912,3.4864810789936587,2.537259152842319,0.0,0.0184717500087572,0.0189060999837238,1.0,1.5507559583578614,0.569737861087991,0.41000717620764315,0.8014079193266679,0.0,0.6515964341641806,0.534213204057874,0.0556167227233625,0.0,3.022579317567719
216,39,6,1,7.433501292965562,6.058372717501778,1.3283753915848524,0.0,0.01891929999837879,0.0197311999800149,1.0,1.864064850147704,0.06444594222647007,0.5627082071585381,0.18203992018325962,0.0,1.3312887132428957,0.3264160548756777,0.3948821900050309,0.0,2.861781027691872
306,37,6,1,10.934769373565036,2.442562676338817,1.4970591832522746,0.0,0.018496200013032624,0.0191385000071022,1.0,1.5364736806207822,0.6924169042676602,0.8048276554368694,0.04481273938044157,0.0,0.6887285523963802,0.47568446506261935,0.0761528478077248,0.0,2.7826231643516954
294,33,6,1,5.310583282873141,3.810834632050017,1.285335858795089,0.0,0.017702134995488377,0.0181402000016532,1.0,1.9207732896998535,0.5233533240677088,0.2873333877853544,0.21705332419456122,0.0,0.5172146361347348,0.727101137094315,0.4764218176064823,0.0,2.7484776268831563
125,59,6,1,4.8941133810753845,5.283977447423104,1.5901648191846791,0.0,0.017315065000730077,0.0187545999942813,1.0,1.5088506704214588,0.6133808763994949,0.2698240977609574,0.030930305102740783,0.0,1.105056202442668,0.5723676896339197,0.11587127389512614,0.0,2.7074304452349067
152,40,6,1,7.731629971743887,2.4278722075476886,1.8690138930875506,0.0,0.01790033000579564,0.0187403000018093,1.0,1.0080005174826963,0.0,0.8103837390478728,0.2577788475911175,0.0,0.21621671102770115,0.5759690684757153,0.8360310116216538,0.0,2.6963793777640603
195,30,6,1,3.069230088500564,5.254637317063034,1.803117633183716,0.0,0.018135699996491856,0.0191984999983105,1.0,2.011342173753477,1.00786262745161,0.25872736424236953,0.2041711009151254,0.0,0.14123869979313403,0.4605737788669027,0.6066485199515577,0.0,2.6792220912206997
27,60,6,1,3.969153624757551,2.354081825978419,1.524423615918552,0.0,0.01863108002289662,0.0210272999829612,1.0,1.6247483753865317,0.8133277693376013,0.8382920063411732,0.022551300317787282,0.0,0.8935702537315372,0.0,0.05077509792091361,0.0,2.6185164276490123
51,56,6,1,5.0819730375886865,2.7039072471115624,0.5887439806061098,0.0,0.01806622000585774,0.0190220999938901,1.0,1.597687359779549,0.5727715911071436,0.7059845002496069,0.7837428600954497,0.0,0.03571973145531737,0.5049992039051474,0.011864749610565797,0.0,2.6150826364232307
160,51,6,1,8.433804383165972,2.1616047740982944,0.6905874081002854,0.0,0.018122279999079102,0.0195087000029161,1.0,1.7856244635384149,0.1517877841771165,0.9110887706004059,0.7008914711138903,0.0,0.12085780639971147,0.38245151862802795,0.28209474666243123,0.0,2.5491720975815833
163,51,6,1,7.7271900511149285,2.858543159821862,2.0965048047421124,0.0,0.017636280006263327,0.0187027999782003,1.0,1.6975995445656678,0.0009597696857494469,0.6474996368665481,0.4428466371874523,0.0,0.6172283301422452,0.5854132546776819,0.15552594721441912,0.0,2.449473575774096
274,46,6,1,10.805022849320334,4.932120063676561,1.009980248480409,0.0,0.018718859995715237,0.0207062999834306,1.0,1.630046812946051,0.6643698306354832,0.13674808289441606,0.4410598736573721,0.0,1.0268813277257507,0.08084218287453779,0.05839358696566058,0.0,2.40829488475322
261,39,6,1,6.55467396437955,2.3529789983431924,2.2038920081392512,0.0,0.01824522499809967,0.0195007000002078,1.0,1.5321199160538337,0.2544204709339538,0.8387091068869055,0.5302079837093672,0.0,0.30757385717266505,0.3844662777647482,0.08241301550510796,0.0,2.397790711972748
238,38,6,1,12.313981700865662,4.579766222035012,1.464333273588924,0.0,0.017607580003095737,0.0192982000007759,1.0,1.6648936120552926,0.9905587614264008,0.0034843026397705177,0.07143583267184413,0.0,0.6608149037427488,0.435464851004953,0.10849891599445845,0.0,2.2702575674801753
138,58,6,1,5.944169913206767,4.8880020028639555,1.1107149730088792,0.0,0.01790223999414588,0.0203400999889709,1.0,0.8844345618782902,0.3863920376149368,0.12006218688147219,0.35911043370617024,0.0,0.2133160197867385,0.1730677497407564,1.0137033666321495,0.0,2.2656517943622236
225,50,6,1,5.031125506964323,5.953339183265363,1.021568108364053,0.0,0.018194999994011557,0.0212742000003345,1.0,1.3058239889529812,0.5837632106802908,0.5229834640973007,0.43163294930588647,0.0,0.23129735558174597,0.06218048718195044,0.40779819219578395,0.0,2.239655659042958
83,65,6,1,10.837735956184668,4.068138497859911,1.6515253703419566,0.0,0.017615425001713425,0.0196630000136792,1.0,1.6192552938045945,0.6714413643224344,0.19001846800978656,0.08084817429803284,0.0,0.6489007374742287,0.3435918622233733,0.04287673517080385,0.0,1.9776773414986597
207,27,6,1,8.034241738325715,5.1476629416041195,1.3325044122425436,0.0,0.01798562500334805,0.0191376000002492,1.0,1.8189752966360009,0.06541504328298249,0.21826857543615227,0.1786808904938589,0.0,0.08667955847536203,0.47591112711465944,0.3300490640876978,0.0,1.355004258890713
184,70,6,1,8.123305551140577,5.221665025384238,0.4295032032552471,0.0,0.01805551998550066,0.0212463999923784,1.0,1.6097966066080343,0.0846678080913074,0.2462569106429299,0.9132879854966617,0.0,0.019469655728936087,0.05517919954834625,0.02927632864053974,0.0,1.348137888148721
202,85,6,1,8.001487930721408,4.352065797781605,1.5565214845932593,0.0,0.01774208498536608,0.0195512000063899,1.0,1.4529184714424266,0.05833471139000957,0.08263429666434854,0.0035608707714985177,0.0,0.456542755230201,0.3717481134628521,0.1962947648551713,0.0,1.169115512374081
