sample_id,captured_at,x1,y1,z1,x2,y2,z2,x3,y3,z3,x4,y4,z4,x5,y5,z5,x6,y6,z6,dt12,dt23,dt34,dt45,dt56,x_hit,y_hit,z_hit,vx_hit,vy_hit,vz_hit,t_hit,is_reachable,intercept_valid,bounces_before_hit,has_bounce_before_hit,hit_obs_index,hit_obs_in_workspace,hit_obs_selected_from_workspace_pool,hit_center_dist_mm
8,2026-04-05T00:29:12.543,292.8779394290209,2168.064692220869,-576.6922253528393,278.10054459617004,2104.6664946682577,-580.7858712782318,268.6643996705898,2042.7000094376483,-587.6525128134292,254.6374161688996,1980.0794321039868,-596.9029303128041,246.2868495110684,1919.223451519867,-607.5562442371083,243.9150100123252,1857.053453165417,-622.8671041913383,0.0146019000094383,0.014227599982405,0.0144326000008732,0.0149059999966993,0.0142306000052485,3.658611733842463,87.49009974712385,-984.4915687645596,-155.79791934143785,-1586.2627744666324,-2119.605351652726,0.7219500000064727,1.0,1.0,0.0,0.0,52.0,1.0,1.0,121.68290013751724
16,2026-04-05T00:31:19.178,343.6747514038348,2170.4911627583665,-808.6913788759144,331.947256235728,2119.148945727931,-807.065816593536,303.6676824549422,2070.6112995482035,-809.9699259422371,307.2816994936197,2018.6460747584567,-807.887002305097,311.80643468533344,1967.2516717644728,-810.2333218746826,287.3328006914053,1918.966182251199,-823.9227690364507,0.0143958000116981,0.0156128999951761,0.0135664000117685,0.0141639999928884,0.0134951999934855,-116.6347632013194,-20.66972882396749,-1003.4808297874066,-514.0571186009769,-1538.8715151265628,609.7508862910762,1.02595989999827,1.0,1.0,0.0,0.0,71.0,1.0,1.0,157.2869600767159
18,2026-04-05T00:31:23.698,-4.337073790737122,2353.1032470544365,-1044.4325197858298,14.625663823562263,2252.1733026776087,-1075.2877292786925,35.49162034047322,2153.225777031452,-1106.5296800726323,53.02855632657838,2070.904969160405,-1077.0925438176005,60.85694932832712,1989.000349926117,-1047.8613529652391,75.43106189010405,1909.5432260324533,-1020.5749995354256,0.0200232000206597,0.0132614999893121,0.0155904999992344,0.0158580999996047,0.0169162999955005,269.6400023880733,97.34720029069511,-954.3915098283647,332.7096161211669,-2704.750914891245,648.0750586325998,0.4475983000011183,1.0,1.0,0.0,0.0,33.0,1.0,1.0,291.7886986051481
29,2026-04-05T00:32:03.600,-340.4171418396654,1909.3979789941,-1055.0700265438438,-334.6538493169969,1821.8930534067435,-1086.187748259962,-330.59090042513253,1738.9948587468082,-1109.5840885148268,-336.53154259036046,1666.645000247527,-1077.5494502237157,-353.4381696605101,1597.0455581301449,-1049.7473294754386,-332.1670202681453,1525.1767819429474,-1012.6137062299312,0.0176183999865315,0.0150709000008646,0.0183722999936435,0.0159246000112034,0.0140863000124227,-324.83755201308486,212.53077220527464,-1013.1243320709356,-52.97213752493658,-3531.822344389963,-1703.654745704201,0.3373842999862972,1.0,1.0,0.0,0.0,25.0,1.0,1.0,404.33387050619353
41,2026-04-05T00:37:49.253,-301.8732674253765,2372.0559713931543,-930.7396402236952,-273.45237323467427,2276.7086005540978,-961.4322978488364,-272.3659422627861,2191.659897626077,-1000.0800518946196,-254.62363570147272,2103.291880195012,-1039.7318917240714,-224.37538840718292,2014.2540947499024,-1074.7743405787778,-202.7148283298216,1926.350964852429,-1112.6556131642092,0.0175881999894045,0.0167460000084247,0.0154688000038731,0.0154945999966003,0.0155830000003334,124.99325556019085,-17.035714151432785,-951.9251447083856,142.0140620284382,-2455.175671976902,1287.06149612301,0.5579141000052914,1.0,1.0,1.0,1.0,40.0,1.0,1.0,136.41755805310137
51,2026-04-05T00:38:14.937,535.5241081253193,2100.1085222769534,-693.62665236846,538.7668482599327,2040.5115023573244,-686.2973792641782,534.9649275262236,1982.068643951077,-682.3225791900813,534.6370818833018,1924.6869235491056,-679.5780300519439,533.3993136340944,1862.9220332257128,-681.741211963725,515.5589642371795,1808.472062771002,-688.5189541864903,0.016467300010845,0.014735099975951,0.0180160000163596,0.0149996999825816,0.015996800007997,488.9674487084085,85.65333743665337,-991.4936660559976,-56.98694297711419,-1650.4764357317945,-1938.3693427884537,0.7057719000149518,1.0,1.0,0.0,0.0,51.0,1.0,1.0,504.77396034147176
54,2026-04-05T00:38:23.989,-346.37360930150044,2393.9917049351843,-753.1521969353274,-330.69870225929253,2315.6201770095827,-736.5108000350288,-333.1200650907699,2241.2630088292726,-727.5770805190302,-323.28046661173767,2168.648911389536,-721.3236102548699,-328.42365608215505,2098.48721973804,-719.4917804916679,-344.1180853361725,2032.9460232539377,-720.0760550738833,0.0136950000014621,0.0140254000143613,0.0164570999913848,0.0132597000047098,0.0151221999840345,-225.6811002189565,57.261809252712965,-903.7065343933324,391.9476427033615,-1791.6052568883222,-1082.7820180497793,0.6534881000116002,1.0,1.0,0.0,0.0,45.0,1.0,1.0,232.8617877457393
56,2026-04-05T00:38:32.421,123.6111902669686,2259.4087656961265,-692.3632235170315,143.7684268452449,2168.244560128845,-674.4549762894075,127.61666151783947,2082.91182922042,-668.4992416577818,115.93702380086415,1998.3439454374284,-664.3547137518187,123.15505693999468,1913.9857467530044,-659.2761488521595,104.74169027520566,1832.8907563680464,-661.8991969230851,0.015995900001144,0.0142158000089693,0.0140736000030301,0.0141601999930571,0.0135202000092249,-140.41911888082225,22.50103806903803,-829.1405475237962,-198.88260765213244,-2413.956556224429,810.2117390153373,0.4488930999941658,1.0,1.0,0.0,0.0,34.0,1.0,1.0,158.88639862076985
60,2026-04-05T00:38:44.101,377.6299148244736,2116.0442940689145,-560.6417181703217,372.4122195907112,2037.8483749893671,-595.6441251218838,366.6427186851756,1962.164075409527,-634.9884419576729,348.85589482186583,1888.2764262021544,-680.4608369622044,343.1160805568877,1815.130321520084,-721.9617117295747,345.6072774852587,1742.4212159268525,-764.3864844541704,0.017565399990417,0.0187158000189811,0.0129565999959595,0.0161681000026874,0.0175251000036951,21.99018149610538,-74.1105920993732,-869.5129903559912,-190.7434415939009,-2208.7069703733773,-2189.505453899782,0.6086929999873973,1.0,1.0,0.0,0.0,43.0,1.0,1.0,83.09877075255217
61,2026-04-05T00:38:46.902,545.7356050935598,2054.693839388317,-514.8172257205013,513.2516061404838,1963.2195554839475,-547.9745610619566,499.53892575336295,1870.6987988610977,-577.074755828268,474.7911733251324,1780.631097069858,-612.1729964448178,466.5638529867472,1688.0964266481456,-646.8038265428515,427.764863157799,1602.5699017340382,-686.5031026183499,0.016642700007651,0.0158288000093307,0.0157670000044163,0.0168810999894049,0.0147257999924477,102.2057418864847,358.29000663030274,-805.205731065809,-947.2187509078034,-3924.375682724137,1630.1375219405504,0.277908500022022,1.0,1.0,0.0,0.0,23.0,1.0,1.0,384.4524625340262
63,2026-04-05T00:38:54.151,502.7148544838583,2020.3328860762308,-419.89512215796265,481.3106766153805,1937.9904983238816,-443.7567193378417,459.5863909400255,1856.5105179964896,-468.6472163076341,429.5303588639074,1776.419692648888,-497.43403165318034,422.762453974588,1696.3049860029153,-526.5748834664612,400.6203371793376,1616.5086157373912,-558.3717111223968,0.0152387000271119,0.0163514999730978,0.01483410000219,0.0134086000034585,0.0146394000039435,28.26302131228522,317.48298034465233,-809.6749866776206,-759.842721788281,-2663.6643889255324,1570.0914148438085,0.3254146999970544,1.0,1.0,0.0,0.0,26.0,1.0,1.0,331.28967568264125
66,2026-04-05T00:39:05.114,527.9693845581617,2021.9390043883373,-480.2044009900675,508.1767906672126,1925.10637349672,-509.8071897745023,497.5525457844631,1830.221093074178,-538.4480467531275,484.2839342079105,1735.013273747889,-567.8270747495583,477.1159412564005,1642.1806738078349,-601.457481336621,474.5777013501904,1549.5150001842271,-635.2920022094997,0.0150798999820835,0.0130260000005364,0.0140163000032771,0.0134551000082865,0.0141646999982185,301.553647485458,158.88112890765456,-810.068676473358,-497.0822949231044,-3414.124810594175,1448.593043917054,0.2978086000075564,1.0,1.0,0.0,0.0,24.0,1.0,1.0,352.51306129845483
68,2026-04-05T00:39:11.734,72.26885819086374,2249.8125810216407,-569.1200370324802,71.12561969964281,2206.1478758541457,-556.8366798631924,54.37426129927462,2166.638234018178,-547.6208424717146,66.45816442384557,2121.1371764579662,-540.0128230265203,57.50332117695825,2080.0300078245755,-535.9124987910105,69.14364039332486,2036.21004433266,-529.0713820019839,0.0144078999874182,0.0164190000214148,0.014976199978264,0.0144952000118792,0.0135523999924771,138.0656894595886,21.811020970307027,-920.921933663538,-86.1550631594878,-1027.2858698662965,-1491.5219940856243,1.3315744000137784,1.0,1.0,0.0,0.0,92.0,1.0,1.0,141.3350011495391
70,2026-04-05T00:39:16.612,-159.23449386815082,2352.71113077655,-1069.708199360603,-125.406099955635,2262.507702378102,-1106.6230917904631,-107.78543557644844,2190.649480926408,-1079.1801986237792,-99.4362971220703,2123.230744527245,-1043.131147353583,-89.94324691186421,2055.3660688565305,-1011.9446070617224,-78.52645638803915,1988.4582044284448,-984.3104635168812,0.0144382000144105,0.0162928999925497,0.0153411999926902,0.0157545999973081,0.0134209000098053,287.4465947720987,9.804322040804664,-859.1052503549845,439.9783015741505,-1940.631569654768,-141.3002304878803,0.6298179000150412,1.0,1.0,0.0,0.0,45.0,1.0,1.0,290.50654058950795
71,2026-04-05T00:39:19.271,576.4249942888264,2115.1506072932693,-1034.5920861045925,561.581155308591,2052.6852942618084,-1005.6824783610448,539.3544434857681,1991.5821561517505,-982.3440890901106,524.5141672562963,1929.4849499397533,-955.915960883632,499.495319633043,1871.591162342026,-938.4896477272022,482.73288228089245,1812.667731662027,-920.4708140074974,0.0160837000003084,0.0167741999903228,0.0160310000064782,0.0188095000048633,0.0157500999921467,17.671988081443033,79.59702049023076,-1019.2473302677754,-500.31452325120006,-1854.430982425264,-1306.2355650086038,0.6199282000015955,1.0,1.0,0.0,0.0,46.0,1.0,1.0,144.45729683773257
82,2026-04-05T00:39:53.160,305.2687555405696,2099.6951843819134,-427.92716098868425,267.6558161363123,1991.7071522935912,-444.3249885885231,221.3652063945583,1886.782992047492,-461.9871246372293,176.05732201843148,1785.218488289944,-480.8246012584477,142.17431322359243,1683.1915795649136,-500.7005285295733,82.36310480277507,1582.3443974080478,-526.5878770513863,0.0127136000082828,0.0138575000164564,0.0131893999932799,0.0137745999963954,0.0165711999870836,-421.5303334184273,326.74684961735284,-986.8360397017324,-8845.300509303537,-9957.874681216312,-4931.714675922256,0.234429000003729,1.0,1.0,0.0,0.0,19.0,1.0,1.0,540.3626777617014
87,2026-04-05T00:40:08.966,-44.744565951464665,2317.5564886865004,-1041.2840189759472,-21.05597958636372,2227.4353096249883,-1080.3661798708777,-16.950349050594014,2151.340769055426,-1102.4482314735174,8.348757943217606,2079.885726805759,-1060.5871774379843,22.13032365523441,2010.238537414445,-1024.3001786871112,25.57343833116829,1944.5985714377505,-994.883458041162,0.0144760000112,0.0143915999797172,0.0141847000049892,0.0142983999976422,0.0145594000059645,287.854617384854,150.27136195512685,-909.8191157609116,343.2950287802866,-2460.4425109753706,939.9773868373776,0.5228680000000168,1.0,1.0,0.0,0.0,38.0,1.0,1.0,324.8664002447092
88,2026-04-05T00:40:11.070,159.75244590311513,2267.512050439956,-969.5931092795624,166.584397503294,2165.009043120023,-1008.2341465107118,165.74113649284664,2066.3533540578364,-1049.7342590044973,168.00069596082858,1966.926162686144,-1095.8152713490404,169.9504441930453,1886.927768325012,-1072.9003885784514,174.6442676510187,1811.0711810465805,-1034.7765840219636,0.0160841000033542,0.0157540999935008,0.0152208999788854,0.0163640000100713,0.0144818999979179,173.2462147871306,127.84228607879528,-1017.7877303629936,-62.69712751288919,-2944.579726296085,-1825.4583711423743,0.4174978999944869,1.0,1.0,0.0,0.0,32.0,1.0,1.0,245.4217807611753
89,2026-04-05T00:40:14.316,-266.6848474119938,2359.836383773982,-579.3857865106206,-260.6260247652608,2261.7321511925184,-577.1504948077485,-255.0841262537856,2167.218708477545,-575.361781199568,-255.19553926631124,2075.969782417657,-578.0516511913892,-249.5147662542581,1983.25067989533,-581.4290143731313,-247.14828686870987,1893.960336249392,-586.4900387912205,0.0164445999835152,0.0171618000022135,0.0169625999988056,0.0179446999973151,0.0158281000040005,-216.9354027845029,40.4531138883026,-835.4225789202685,-105.92948632752132,-3056.3808600653024,1435.966778535187,0.4086161000013817,1.0,1.0,0.0,0.0,32.0,1.0,1.0,229.92969951235844
90,2026-04-05T00:40:16.671,224.7182236305144,2210.941263225098,-604.3607603866965,270.3485369201403,2117.075162468916,-593.3862907063638,294.4316528897712,2022.8039821494435,-589.2443623417605,297.29185843302093,1934.740731383132,-588.0229887390437,305.1137861565867,1848.120771115608,-587.8836063465493,311.0437261057632,1761.4469854418437,-593.2063730111827,0.0153920000011567,0.0150329000025521,0.0151517000049352,0.0141169000125955,0.0148578999796882,376.5120316581763,3.2929272227988804,-872.8114047626564,-32.92299585665206,-2714.878369841451,1420.669785567343,0.401728800003184,1.0,1.0,0.0,0.0,31.0,1.0,1.0,377.5067854543045
91,2026-04-05T00:40:20.164,-285.1597265079536,2364.8727597392854,-559.8934809984763,-274.7715690563946,2280.7229931043985,-553.8207079634016,-293.057248426082,2209.6864698213685,-550.459728516588,-284.0634474885851,2134.12156596353,-547.6142654952957,-293.58748628565945,2056.9366783443247,-549.0773371372779,-270.875999639753,1979.505052218866,-550.3669296187647,0.0137231000117026,0.0131119000143371,0.0169451999827288,0.01441450000857,0.0162724000110756,-352.9918075371397,250.35132460730824,-810.3237396063589,-111.34513872503386,-2187.437282155704,1356.7174655298732,0.4636725999880582,1.0,1.0,1.0,1.0,35.0,1.0,1.0,441.9511665321849
94,2026-04-05T00:40:28.009,143.44311092994894,2248.026067227961,-654.9253105545517,182.6727105760501,2167.043185951564,-628.6570787799765,188.14350499645388,2089.996575638368,-612.4497079802701,201.5114722469725,2013.885035239445,-596.1746470680148,199.5755127252728,1941.7473627257257,-585.8874097631253,205.10719861073176,1869.0167644625765,-577.938110145128,0.0151949000137392,0.0152363000088371,0.0156712000025436,0.0142663999868091,0.0157210000033956,341.17814695451307,22.03641807394729,-868.8848376877108,91.42609746067214,-2654.920817772822,1872.4469523929847,0.4956681999901775,1.0,1.0,0.0,0.0,37.0,1.0,1.0,343.302031754205
100,2026-04-05T00:42:54.269,-327.0381223073282,2352.9200624651903,-577.4856873654549,-355.8671813068204,2266.849502743875,-580.2400799203003,-362.4363853179448,2175.9084650106147,-579.6977004125454,-359.68618672466573,2087.1921025635256,-582.256270517133,-366.22156398991865,2001.787038128444,-585.8808099382945,-379.7974454429914,1913.8639631386995,-591.1344556778059,0.016234800015809,0.0133013000013306,0.0139340999885462,0.0132425000192597,0.0133312999969348,-565.6179670243587,174.0825834140726,-866.6965143395495,-411.71342711286167,-2950.317811517919,1550.2291033670303,0.3965016999864019,1.0,1.0,0.0,0.0,30.0,1.0,1.0,592.7373386467415
102,2026-04-05T00:43:00.061,-90.83946521207643,2268.904243919704,-635.4373772848246,-70.39478663256068,2156.31594898314,-647.3716586793328,-67.82206824127388,2049.4823885679034,-667.9105974071483,-56.03273842866747,1941.992147154708,-685.0943350196125,-53.10501588740681,1839.288819979348,-707.9117038315007,-46.42424306765815,1735.1841023239804,-735.2362646476067,0.0150530999817419,0.0169120999926235,0.0136915000039152,0.0138295000069774,0.0148337999999057,-38.82557040242091,-8.75584317264179,-826.1528165612598,-62.75974518696098,-3820.128148590473,675.573846206929,0.3413309000025037,1.0,1.0,0.0,0.0,27.0,1.0,1.0,83.8897860801432
103,2026-04-05T00:43:05.568,493.223986229762,2084.602903058997,-595.404967886454,486.7133607248306,1972.74331545942,-604.7044922624038,481.89647131954735,1862.3353692771163,-616.5532838775757,471.648821515123,1754.0334119222912,-633.2958264036286,472.1556324509527,1647.4505228762198,-650.4757386012081,464.6901291994439,1540.6780534035042,-668.435092830789,0.0165466000034939,0.0150926999922376,0.0176384000224061,0.0149044999852776,0.0195219000161159,332.3700162199739,-70.16944776732112,-910.2683731403284,-271.3928613714068,-3510.4755209151126,1495.93699053572,0.2844130999874323,1.0,1.0,0.0,0.0,24.0,1.0,1.0,339.85146545069585
107,2026-04-05T00:43:23.518,-167.70873444520885,2333.795288333526,-606.7376037863571,-148.8943502923571,2236.922410477452,-599.1835845338644,-147.1396350419427,2147.29838009068,-598.5709472462913,-125.56842761262352,2055.251706115373,-597.3197053956075,-114.3688105398569,1965.5655099233416,-598.7717992702146,-111.4847648884138,1876.129388770522,-604.0013732769819,0.0139133000047877,0.0157115000183694,0.0157808999938424,0.016399399988586,0.018301700009033,6.257957043730585,13.162642067363322,-849.4636805217422,71.79823725518663,-3312.4573691803894,1454.770743551487,0.4119354999857023,1.0,1.0,0.0,0.0,32.0,1.0,1.0,52.59597664235585
110,2026-04-05T00:43:34.074,469.1077086485436,2096.941189311373,-844.1953899289927,462.0931903093667,2011.575064124736,-874.6334288581364,447.19053930168457,1929.354415559773,-906.9939973358988,429.6761297385788,1847.5291494080816,-943.940817082964,413.0192404949364,1767.15018582726,-979.435647983536,409.9144481251244,1687.9208156986024,-1018.8010451034204,0.0165003000001888,0.0157274999946821,0.016137600003276,0.015671300003305,0.0166253999923355,46.94814696042658,85.81924144012464,-1010.5241771501244,-523.6447500354967,-2534.595291551965,-1945.115648977291,0.4814980000082869,1.0,1.0,0.0,0.0,36.0,1.0,1.0,147.59628870364017
113,2026-04-05T00:43:44.814,-30.839216382344603,2293.2697163023463,-629.62282687417,-26.60262509594077,2208.3542544168167,-627.3919124076674,-27.34138342690585,2129.1823250041307,-628.6376546387809,-12.545687463260492,2045.6206648119369,-627.4106688129682,-3.0235789158573425,1966.4374648578173,-633.8952628072371,-13.68179803268913,1892.225917879635,-643.8875764554116,0.0163855999999213,0.0125588999944739,0.0157242999994196,0.0153883000020869,0.0157753000094089,38.52991060270188,-182.5842948317116,-809.2638625140835,-114.41922396817765,-2244.675549253135,-840.1315697075217,0.5966708000050858,1.0,1.0,0.0,0.0,44.0,1.0,1.0,207.49608520670623
114,2026-04-05T00:43:47.886,416.0881581924996,2120.812949099067,-734.4278672287476,402.9538528393821,2041.2849690891733,-742.4859257554472,398.4551613194692,1963.5831249031023,-751.8146477796291,386.35819610852514,1888.2375142343087,-764.98386079345,362.1976427091947,1812.6459559207512,-784.6626214183868,359.93448850956224,1739.331646873605,-795.6791551967899,0.0156350000179372,0.0163006999937351,0.0159533999976702,0.0161156999820377,0.0161445999983698,96.10935760551548,31.60088557270069,-926.7183391574824,-279.8983060287529,-2524.792620752685,-1229.7202123344928,0.4912023000069894,1.0,1.0,0.0,0.0,37.0,1.0,1.0,104.63983101887172
115,2026-04-05T00:43:50.641,29.589610630412608,2264.8757022954787,-643.8032601709276,28.8705595484912,2181.033652910324,-641.4637484832986,40.27823558434284,2097.6914709528046,-641.258106781286,47.95056828104134,2015.5640830878729,-642.7709126773356,52.70752893386043,1934.4718842730097,-649.4062703495692,51.67938216350285,1856.2217175898056,-658.5785847365975,0.0158960999979171,0.0152345999958924,0.0166869000240694,0.0150313999911304,0.0156712000025436,175.99295240670153,230.0602248881396,-802.2310245670438,281.0221159991205,-2914.7324767878304,951.8350300144432,0.4163464999874122,1.0,1.0,0.0,0.0,32.0,1.0,1.0,305.7122812868644
117,2026-04-05T00:43:56.769,350.5822167257095,2148.8766236397714,-531.3934452717776,326.71023422414646,2077.5621699229323,-526.9479850509124,299.26253058288603,2006.038347654215,-525.5303015339016,280.69074132288915,1937.097675580948,-527.5171807236734,251.17421367654788,1869.8373533786123,-530.2651782002065,231.022131048157,1801.1153531231944,-534.9220865719922,0.0157072999863885,0.0150164000224322,0.0166394999832846,0.0163751000072807,0.0162488000059966,-325.0663818356438,301.5123050955374,-806.2965127882517,-1132.319318162367,-2336.049742113264,1323.451252116295,0.4473223999957554,1.0,1.0,0.0,0.0,34.0,1.0,1.0,453.1646127395466
118,2026-04-05T00:44:00.046,-262.5927188578403,2411.467778077803,-939.3380191261996,-258.5000751592215,2323.270200545472,-967.3916586008836,-263.70662143080153,2240.3199233914543,-1006.8880440563242,-253.17942323844,2155.7926236966928,-1045.8389860542366,-242.1866266986367,2074.0931385616423,-1078.8933350627944,-235.27659195848173,1992.925430493412,-1115.1210510101482,0.0167428000131621,0.0161476999928709,0.0138889999943785,0.0130389000114519,0.0135005999763961,-184.84075976811937,58.08532993508288,-901.483795790067,-134.6777199191406,-1992.7671236242809,578.0156990040131,0.604520400025649,1.0,1.0,1.0,1.0,44.0,1.0,1.0,193.75813189455988
123,2026-04-05T00:44:19.040,-192.46639757578032,2325.159054573529,-612.154563576756,-188.9427039739594,2243.60597643888,-612.9327841450124,-190.37306789047625,2163.8929189839846,-614.9499656158364,-168.26560520777548,2081.7789637363708,-616.1139766016038,-154.81517671704478,2004.078610997445,-622.5477651949781,-152.28112578644232,1925.7959835176148,-628.2826724203495,0.0159410000196658,0.016706599999452,0.0165014999802224,0.0148353000113274,0.0173865999968256,-12.825298439683593,-172.2097734418062,-811.765480264318,-164.96348445917744,-2517.2384562378747,-887.8432753945476,0.6019102999998722,1.0,1.0,0.0,0.0,44.0,1.0,1.0,193.92272899774187
124,2026-04-05T00:44:21.006,256.7856653803301,2192.5763173399023,-802.8224136056992,261.9830046572265,2115.2623024784925,-801.390295683814,279.961120166151,2033.884512100236,-803.7295736326587,276.7666769237044,1956.3247469362288,-809.8009591649152,286.83135303375457,1878.7587319383945,-819.5468541480484,287.6952806694312,1802.939084919649,-832.4534795072655,0.0145964999974239,0.0165874999947845,0.01462870000978,0.0156384999863803,0.0155815000180155,442.45421207178674,165.55599481523743,-911.3939503769255,546.2491377980854,-2588.147983115732,-714.5604444860188,0.4467207999841776,1.0,1.0,0.0,0.0,34.0,1.0,1.0,472.5508854129049
126,2026-04-05T00:44:26.239,-85.3908339194254,2296.7540838838186,-646.9237447075137,-72.04654552891088,2215.6753133666275,-646.1520587901841,-54.5383164768873,2135.572044024421,-648.6451407282752,-39.70146873307749,2058.202484004795,-654.8926028200951,-36.013447336350055,1984.4385925949264,-664.0974789452498,-30.05614887746924,1907.4111125960824,-676.1972557630102,0.0173735000134911,0.0174503999878652,0.0180970000219531,0.0155578999838326,0.0172833999968133,140.95482927939202,15.429610373501871,-833.2448272882291,372.5113176379718,-2049.699838906882,-754.8247642847973,0.5474813000182621,1.0,1.0,0.0,0.0,41.0,1.0,1.0,156.7245668593121
128,2026-04-05T00:44:31.471,-148.13830944939218,2325.258539438473,-462.80617102807895,-109.7978161406636,2225.54395831956,-469.6507947346288,-77.23527117965705,2128.6076698513302,-474.71259812404514,-68.64139979389574,2038.4556559953417,-483.8634010001076,-41.4788515476107,1945.173050484757,-495.9524869235963,-24.53282510684039,1853.497266376654,-510.66982032204726,0.0197960000077728,0.0127742000040598,0.0156576999870594,0.0148370000242721,0.0145344999909866,371.9921596150034,34.81719271167594,-847.2316059519422,375.4533334885024,-2749.2920747121675,1449.0843165207584,0.3856860999949276,1.0,1.0,0.0,0.0,30.0,1.0,1.0,377.32599583618304
129,2026-04-05T00:44:35.583,-269.6328267813842,2397.434994958855,-601.0789037193284,-179.65178997299017,2290.2571442004346,-623.8725503727217,-166.455223203478,2197.0080945400923,-653.8257055290857,-126.7004169700208,2098.278766973906,-689.4894977283348,-97.91086541300729,2005.677354212317,-722.5489064892025,-79.43575426217285,1914.3204802415,-764.7025660283279,0.0164927000005263,0.0186909000040031,0.0136993999767582,0.0164107000164221,0.0161585999885574,351.1102163403341,-98.112783739703,-803.818973728062,628.3386912569736,-3042.302621982228,-1088.9497224884549,0.496061500016367,1.0,1.0,0.0,0.0,37.0,1.0,1.0,377.0348686347632
130,2026-04-05T00:44:39.009,343.0614177203165,2145.070292590566,-585.1028535690459,311.68677996314136,2063.0480455020543,-619.5767070400948,285.16776869249725,1985.36047490186,-656.6385030108981,248.9671618063844,1906.077984626401,-700.4300202418701,222.15926966249845,1829.2237996019244,-737.6404900305268,206.550906423342,1750.4765263304485,-777.6269682071318,0.0194105000118725,0.0130911000014748,0.0163919999904464,0.01286240000627,0.0151579999946989,-356.7666363632911,7.941873515326279,-807.9600300685852,-597.3524139233981,-2625.259707436272,-1388.4974566855408,0.5120628000004217,1.0,1.0,0.0,0.0,38.0,1.0,1.0,368.5333936590903
132,2026-04-05T00:44:44.224,551.4473530440414,2032.1300772900515,-524.813276379823,538.0096924140873,1948.3864825501807,-535.765753747979,531.2867116298685,1863.1664949878664,-547.910843895936,523.9344280047369,1781.310703214643,-561.4275535675646,534.9194956287158,1695.3929242272827,-577.0001771070395,511.84501849986736,1616.7356866689447,-597.3250143556934,0.0148726999759674,0.0136248000198975,0.0134394000051543,0.0139331999816931,0.014149599999655,427.7993517992886,65.43122081781303,-812.9260808384438,-8.352499062505256,-3370.040565914808,1391.2446187718276,0.3751918000052683,1.0,1.0,0.0,0.0,29.0,1.0,1.0,441.44693617212266
134,2026-04-05T00:44:51.488,516.8745207378959,2062.0762034280965,-708.942521299283,502.1135539988236,1980.7780033093177,-743.1999851336702,502.84204987398016,1899.309216899953,-772.4426685232638,496.75330244819565,1820.2441663722104,-807.4071695896992,479.04766590304166,1739.241356315472,-852.1637968928571,473.0753384670009,1661.3764092455242,-889.4324622627746,0.0146936999808531,0.0170460999943316,0.0155755000014323,0.0167068000009749,0.0132740999979432,292.88173201319387,-23.769332283181257,-838.2557831304267,-147.84963131595913,-2852.7058543359035,-1488.4887086772003,0.471485100017162,1.0,1.0,0.0,0.0,36.0,1.0,1.0,300.2616166296876
136,2026-04-05T00:45:00.719,-56.20836606445528,2252.8709682029216,-509.7424464512088,-59.91842123790411,2163.034597558436,-513.6130839860815,-59.03561279603991,2075.0487052687627,-518.0852738866937,-46.82204520625601,1985.418252320905,-521.6425410417918,-47.56171292884801,1897.6061704082017,-530.4922872673528,-40.01826417990378,1813.747102896364,-540.6377251304666,0.0139245000027585,0.012461100006476,0.0155334000010043,0.0149879999808035,0.0140481000125873,-59.69877558438611,51.08826317039188,-811.1551973586493,34.45469249506016,-2939.7198330816104,1661.3896073951223,0.4201236999942921,1.0,1.0,0.0,0.0,32.0,1.0,1.0,118.60587420706732
142,2026-04-05T00:45:16.492,-301.5046249368738,2400.3236922111414,-565.8055685049274,-278.8856530294456,2325.823103963031,-559.8706876631325,-275.6868070581154,2251.852644819192,-560.234868967246,-272.65681138359787,2180.414294332029,-559.4545069106706,-273.9440142837225,2114.302505945423,-565.7147413311164,-259.44226320878715,2040.1440234775127,-572.4963160385257,0.0161053000192623,0.0167969999893102,0.0159486999909859,0.0167551000195089,0.0191193000064231,-89.54436378070977,-135.04520190970834,-812.2542663215814,396.9878716506363,-2158.324681767652,-1383.0672450114716,0.6839225999719929,1.0,1.0,0.0,0.0,49.0,1.0,1.0,184.26804775242488
148,2026-04-05T00:45:33.644,-113.05093322842232,2321.3106197363472,-929.5505876168932,-80.86227872091149,2226.777046595476,-958.019680903671,-78.24001808838648,2146.864345542765,-1000.0748762235056,-67.9437986915168,2061.7675484707315,-1035.0295410788208,-51.37287145652226,1979.313767205408,-1073.0055089353557,-50.68505632480628,1901.769518376052,-1102.9224421507029,0.0164187000191304,0.0139815000002272,0.0149924999859649,0.0159635999880265,0.0164556000090669,58.474965190840976,3.039989271198692,-903.920233697945,147.98911406198192,-2129.939934095108,959.7887551147608,0.5951867999974638,1.0,1.0,0.0,0.0,43.0,1.0,1.0,58.68501785878208
153,2026-04-05T00:45:43.705,4.649954806728147,2277.621645028971,-741.7335357930931,1.2918786578288746,2194.9556175869684,-757.1395928934675,15.049406048080527,2104.4164619537764,-772.2308736620217,38.228590759975305,2013.8081035900416,-787.8890436228645,40.45556046133743,1929.9773120451423,-809.4807865138232,73.51103959827333,1840.542386925256,-829.8464802178671,0.020878100011032,0.0166298999974969,0.0174705999961588,0.0178003000037278,0.0147398000117391,260.75788619524565,24.88554743915347,-940.013575815626,397.9138276578992,-2608.380584779004,-1241.9653456121357,0.4733391999907326,1.0,1.0,0.0,0.0,36.0,1.0,1.0,264.9812293992008
156,2026-04-05T00:47:46.612,251.80608555780373,2192.044898121586,-563.1822981404231,257.32325847745824,2106.435255402748,-565.0381349189904,230.54052974117485,2029.6648737329865,-573.6188879243191,208.41794437099497,1954.9747697584944,-583.5231300972282,174.8374154330786,1880.297743968249,-596.877903806204,168.33384930469674,1802.056530752457,-607.6501219865995,0.0132930999970994,0.0136713999963831,0.0140010000031907,0.0178017999860458,0.0158955999941099,-475.3450267872772,-13.15809036317046,-803.3083270965997,-1123.325776126116,-2106.3108640476253,-763.1880964458375,0.5730733000091277,1.0,1.0,0.0,0.0,42.0,1.0,1.0,485.2579823581069
159,2026-04-05T00:47:55.444,-255.2240151776168,2368.1260014679,-453.7554347981886,-184.2437939455272,2253.9768245418795,-463.2258714953358,-165.71709205662728,2155.0122156188104,-478.5952688293123,-138.6075971409432,2053.500239258996,-490.3047761897532,-135.8743531192631,1963.4889109898309,-510.4198410091199,-119.96857858645808,1867.3297200273105,-534.8585092453944,0.0137538000126369,0.013454100000672,0.0143781999940983,0.0144540999899618,0.016083599999547,93.98473061129016,198.8139723030481,-813.432662717427,321.8803182819559,-3276.149055110235,1834.702871606289,0.3579068999970332,1.0,1.0,0.0,0.0,28.0,1.0,1.0,236.33457016524
163,2026-04-05T00:48:06.565,471.155506636648,2102.914795133898,-661.2970050436595,491.7918076315661,2034.191720247835,-656.5635047089236,469.5093584540218,1973.5417552859672,-665.1095731777214,479.7520413071159,1909.8882396975848,-667.9542979601933,479.26614674600046,1848.4831218782945,-677.3957423255632,490.6245513952044,1783.5861060159557,-685.1038421620727,0.0187027999782003,0.0129858000145759,0.0159865999885369,0.0159539000014774,0.0165492999949492,520.9704298797201,-36.92379409402543,-997.389780968962,232.13113859480828,-1430.6055372771823,-1640.5917987050302,0.6724986000044737,1.0,1.0,0.0,0.0,49.0,1.0,1.0,531.2798931039464
164,2026-04-05T00:48:09.653,11.879541067834452,2279.794869644966,-918.4527246218964,-9.590889431274263,2205.607023877746,-957.1799226682108,-2.590395024528789,2131.265517355924,-992.8141610409637,-14.447012387396173,2058.8072161314103,-1031.353371214379,-32.46748647669574,1984.951491076573,-1075.7641711104354,-30.69938197655756,1914.48599377219,-1108.5414506690884,0.0167730000102892,0.0170672000094782,0.0157210999750532,0.0205696000193711,0.0175404000037815,-227.9113981374403,65.93923418803047,-856.5195563846289,-180.18919515877795,-1664.1672652048262,-13.824580823245322,0.6980614999774843,1.0,1.0,0.0,0.0,49.0,1.0,1.0,241.20973650177604
165,2026-04-05T00:48:11.646,-119.80329248028691,2382.50152926342,-982.4438745884172,-86.22595316422075,2296.615935607295,-1013.348348270486,-48.83048942152118,2214.0152567009,-1044.5156099763904,-42.41643970153973,2139.307116284591,-1084.3437149586994,-19.38043719581401,2066.0092238217176,-1101.5787454474764,-4.605665442747977,2003.3262379074345,-1065.8547230409504,0.0152224999910686,0.0135943999921437,0.0146469000028446,0.0145361000031698,0.0154920000059064,462.92259435902656,62.178720157557336,-897.4822121823572,442.34279928151295,-2021.1030295659675,-340.90199889804853,0.6566504999937024,1.0,1.0,0.0,0.0,47.0,1.0,1.0,467.0865667775282
166,2026-04-05T00:48:13.554,-143.0462888930242,2327.4226428354555,-689.3954860685549,-128.45183940031302,2241.0438035081424,-687.2885667324808,-133.78200663143025,2162.7447428848386,-690.9374763916451,-135.9317509943553,2083.794036304143,-696.783563124904,-113.61391421188364,1998.6003528907745,-702.3176532533782,-102.56493158582772,1920.1165797091624,-709.8314878054491,0.0170827000110875,0.016282600001432,0.0146407999855,0.0175689000170677,0.0141127999813761,24.50141841671348,-9.339854821348126,-850.9921509527491,206.21148626837163,-2698.712806028333,-883.0425013241439,0.5369150000042282,1.0,1.0,0.0,0.0,40.0,1.0,1.0,55.581666588479166
167,2026-04-05T00:48:15.460,-201.62803271212945,2337.183609001105,-745.3245083932024,-197.741030454456,2255.5118920418813,-743.649929953488,-214.4898963688101,2175.889146522181,-753.0685145140069,-187.78372250626217,2091.132254571636,-753.4860138031717,-211.23397544383351,2016.9630633008528,-767.8685196647318,-209.09981673592392,1939.1976770389808,-778.3207468010233,0.0133255000109784,0.016957599989837,0.0163117999909445,0.0137975000252481,0.0140494999941438,-292.76741387618176,44.161619618204895,-958.9735848481253,-265.3993030895684,-2485.88929529402,-1415.5304286374703,0.5524584999948274,1.0,1.0,0.0,0.0,40.0,1.0,1.0,301.8954967946517
173,2026-04-05T00:48:31.015,-192.5256643734615,2360.0457756460323,-951.42623206386,-202.82356923187763,2271.0584749818463,-985.9478203237028,-168.10415778872857,2169.2033401519525,-1010.2931402926486,-175.70093286872543,2080.139258433448,-1047.8916253603677,-151.71137983174413,1989.6817011736912,-1076.4396617664752,-180.03697137138852,1906.4495042131352,-1112.3149067537208,0.0153187000250909,0.0154128999856766,0.0149702999915461,0.0148084000102244,0.0143732999858912,-171.37435342514254,3.2990328052362656,-954.0854344226558,-281.86772385010886,-2390.418267823436,945.5808708752468,0.523290300014196,1.0,1.0,1.0,1.0,37.0,1.0,1.0,179.7367153533832
175,2026-04-05T00:48:36.069,-246.714592445574,2246.151294209595,-492.24798604472295,-255.2086395453225,2161.718066200451,-494.1546997102182,-238.2481989431189,2076.0862904840324,-494.31714036577046,-256.3298233190517,1997.43235991304,-500.3928922219018,-253.4338234211132,1913.918007689536,-508.3406313366793,-260.4497698955038,1833.1978618079152,-515.7069424757656,0.0140557999839074,0.0150661000225227,0.0145409999822732,0.0145445000089239,0.0148089999856892,-383.4042020492125,147.02143382915438,-844.5789203218399,-227.64281177780487,-2665.7184767905187,1818.2555733327977,0.4140962000237778,1.0,1.0,0.0,0.0,32.0,1.0,1.0,414.34958697561984
176,2026-04-05T00:48:46.434,440.401824069206,2133.276441306475,-1063.8516052813443,419.5975616129067,2060.6799534710763,-1089.3547406953871,398.767928917221,2002.6370815496416,-1048.5485500818531,369.2693447358595,1947.5047344300908,-1013.2729703054656,340.465035992014,1891.796666822638,-984.1870675695958,324.1608180032053,1837.540795221004,-952.7767230814762,0.0169049999967683,0.0181923999916762,0.0147769000031985,0.0145893000008072,0.014523799996823,-360.6492794376559,225.2849792998618,-871.059283871339,-464.5716420183055,-1975.0588373822493,374.5088261020408,0.5811476999951992,1.0,1.0,0.0,0.0,43.0,1.0,1.0,426.2144879131624
179,2026-04-05T00:48:53.615,-70.8091591410298,2291.8916642233776,-733.8691202134803,-58.38908034401129,2203.901288001909,-719.3227297647558,-48.59431107486489,2116.899454953941,-709.6572689178892,-54.44537648338974,2035.8921742012744,-709.2927950665829,-83.62073818323279,1957.7850457626264,-710.0807973755648,-77.95516965680736,1877.3656390074432,-709.5620406778742,0.0164036999922245,0.0165579000022262,0.0164196999976411,0.0164210000075399,0.015942800004268,-80.60272222546746,50.49236086243877,-824.3294137488966,-40.04776911548088,-2617.656817989117,293.2893990295795,0.4823167999857105,1.0,1.0,0.0,0.0,35.0,1.0,1.0,121.54141252760016
180,2026-04-05T00:48:56.870,-299.92422997443146,2366.248405088567,-551.2353977985908,-312.36530092309886,2281.383133927636,-554.6989613958658,-285.1726318137471,2192.4150401488614,-552.8954721228636,-307.5190546678755,2112.0588347511784,-556.8672907119337,-291.7787677281226,2027.4103795453148,-560.2464748187828,-318.14519096698314,1947.0958607988744,-571.3721321322901,0.0132558000041171,0.0165156999719329,0.0154335000261198,0.0158897999790497,0.0162223000079393,-372.8468757042315,223.2269098139909,-808.3290432947382,-196.8038464495224,-2557.9243970413463,1159.9181964467843,0.4323260000091977,1.0,1.0,0.0,0.0,32.0,1.0,1.0,444.126795285725
181,2026-04-05T00:48:58.312,-64.87111835870928,2255.751185546486,-640.2584053835891,-35.84744664976233,2162.656275190623,-647.2663220652516,-19.916301582030428,2072.7906559657586,-660.0712812930135,-19.879695185747096,1984.792458786822,-675.9154214676678,-5.912664608458726,1895.976115941192,-693.6347607642393,30.48029387031648,1803.0230290728773,-710.7311654984719,0.0163861999753862,0.0152984000160358,0.0144571999844629,0.0164447000133804,0.0153288999863434,246.88657431505817,-91.96349281667152,-800.9201158891312,452.4398854182854,-2816.004148074588,-348.6425993889316,0.4646977000229526,1.0,1.0,0.0,0.0,35.0,1.0,1.0,281.47306802514856
190,2026-04-05T00:49:15.908,166.59581520432312,2187.6160324515654,-659.4772099261199,166.89351413330996,2107.6784407411315,-659.6768904037526,160.73448898003835,2029.0218553702955,-662.6124872545001,178.2022079776566,1946.8578900320128,-664.5269673208143,177.47658445358957,1870.665995977003,-673.7663462935188,186.77507340706143,1792.2173281111868,-681.0932747157601,0.0150750000029802,0.0132338000112213,0.0172545999812427,0.01644700000179,0.0176013000018429,216.5503040458016,-52.940614484744856,-800.225126488248,-177.86224105568792,-2461.176030963921,-500.263970170852,0.5191666999890003,1.0,1.0,0.0,0.0,39.0,1.0,1.0,244.2371147648072
191,2026-04-05T00:49:18.356,372.6736455194882,2165.123759927506,-920.0268580977367,347.64067281557914,2103.9946603245567,-894.7428732954081,335.12266009376685,2039.7788361288483,-869.6436909247615,342.1901029764397,1974.4916806502824,-835.6753454539073,326.23896596364125,1917.417484056348,-820.4271509206158,309.9768429304468,1855.0713098231845,-801.8867382124258,0.0153815999801736,0.0156424000160768,0.0154218999959994,0.0155238999868743,0.0156812000204809,108.77152800307658,-28.782929703209675,-844.9308565471607,-129.53305925098442,-2153.846414960049,-468.1393272150168,0.6216940000012983,1.0,1.0,0.0,0.0,45.0,1.0,1.0,125.26896226541264
195,2026-04-05T00:49:30.417,714.3020937724605,2005.172026014818,-628.7422776049995,702.6535984608417,1906.012035029676,-667.1341907866382,682.5211950314742,1813.266022320834,-707.2229320105998,680.530132227994,1715.4701793449833,-747.059362401094,665.9720092036805,1620.5914621355391,-792.1477043832635,656.9074132070916,1528.1790694267552,-834.696633664893,0.0171509999781847,0.0142551000171806,0.013804699992761,0.0137359999935142,0.0145353999978397,481.7811690983294,-26.52385528295099,-705.826254447514,-395.8017623302271,-3370.270578005984,11.646172395533634,0.3584976000129245,0.0,1.0,0.0,0.0,28.0,0.0,0.0,520.1154230156087
200,2026-04-05T00:49:45.154,402.83459718477866,2128.520558183284,-534.3300151906975,359.59406645528065,2055.7864138947266,-551.7036042582346,331.5338284209668,1981.6694136408144,-567.3627113931478,294.8162575513047,1908.1517809357904,-586.3075886456464,275.24995028972853,1835.264777258304,-603.6739466300231,211.25321771794643,1766.2113146998847,-632.0009154871607,0.0136211000208277,0.0130728999793063,0.0153569999965839,0.0158683000190649,0.0173392999859061,-617.9734616058572,47.773898344332565,-804.5368635561009,-829.0182686150761,-1968.2448816558613,-1060.93392176125,0.5662431000091601,1.0,1.0,0.0,0.0,41.0,1.0,1.0,627.1257888429138
201,2026-04-05T00:49:47.139,434.8232781861768,2081.41536745718,-540.1824158010229,402.5311906668662,2005.281648289642,-544.9203473355153,375.8839114345094,1931.5277973205816,-550.9552577229465,346.9361449973403,1858.0055334861447,-560.2410933683753,322.53302369562834,1785.4652776623486,-572.0085018601387,270.86939370525533,1715.1038122857026,-586.816006402216,0.0157378000149037,0.0138871999806724,0.014581099996576,0.0165317000064533,0.0151057000039145,-376.16392019686646,282.95132476579465,-809.6003317787197,-830.0360423181563,-2370.3385236577824,1217.388262211812,0.3963681999885011,1.0,1.0,0.0,0.0,31.0,1.0,1.0,479.3045452101516
203,2026-04-05T00:49:52.536,320.797257714029,2183.2915050425795,-926.7969920631666,305.49920997675827,2107.2419724218416,-970.6961786482348,277.6542863352661,2033.946520119432,-1016.2168858341036,269.0231856217147,1961.4811661170247,-1062.0929707230705,241.61821610290963,1895.0972707999908,-1094.3867466011898,212.9569440924438,1845.6071788017305,-1051.2466624676374,0.0180183000047691,0.0138381000142544,0.0171892000071238,0.0188095999765209,0.0135421000013593,-334.9032951647846,82.27721992599982,-826.442717381737,-541.5607977013658,-1788.9438088993015,620.179218087175,0.7064243000058923,1.0,1.0,0.0,0.0,51.0,1.0,1.0,352.61938667232295
204,2026-04-05T00:49:54.861,150.48094120435917,2206.1861950815546,-536.4590747354041,128.97213760677232,2120.287344858709,-539.0663472658402,133.0490493342072,2036.436325707573,-541.4353512763746,112.8558805528378,1955.3539802305231,-547.0339296811024,103.36458691220103,1873.9886287542413,-554.9767995609116,108.50759056978312,1793.2349483308426,-564.0540786191364,0.016399399988586,0.0151728000200819,0.0161725000070873,0.0167954999778885,0.0155597999983001,-96.0366366565363,191.5437840177267,-814.3529148715653,-554.4760455920814,-2472.1376542176336,1410.961089383813,0.4023964000225533,1.0,1.0,0.0,0.0,30.0,1.0,1.0,230.75415482094024
205,2026-04-05T00:51:56.380,315.111349985692,2153.3847951822363,-664.5731923086505,312.7934682942864,2061.245747673428,-663.6525237424084,272.3076714329318,1979.4635865566588,-672.9617629067468,263.278283268126,1891.5859794160017,-682.7673233103246,255.1949786732216,1806.8729266313355,-690.6358606814614,223.9816805646992,1723.4992778245264,-706.0754281864083,0.0177930000063497,0.0136414000007789,0.016961799992714,0.0173732000112067,0.0140937999822199,-117.1279025643962,21.71912630097017,-813.0895225512515,-609.1467336089293,-3089.074861569317,326.40172024431484,0.4145444000023417,1.0,1.0,0.0,0.0,31.0,1.0,1.0,147.45879796330092
207,2026-04-05T00:51:59.496,51.786477057714364,1253.5127293469732,-720.173316230917,34.4892579972975,1168.8862429089331,-751.9674505392101,57.60711782784347,1097.4349861965104,-778.5857327137871,59.68085076109856,1014.143629156353,-811.6779882551516,75.76465502562041,940.748220559262,-843.5170454807243,81.10912677765964,865.0661358757553,-878.4504620487423,0.016871900006663,0.016075899999123,0.0145342000178061,0.0139742999745067,0.0133654000237584,193.257336071385,-36.28125962482545,-806.49405772256,285.75435713960013,-3027.0338838952985,1017.8468315105032,0.2494437999848742,1.0,1.0,0.0,0.0,21.0,1.0,1.0,217.73398675118264
214,2026-04-05T00:52:16.892,141.4200760028816,1739.311771800206,-933.1275308182816,156.19765807567865,1682.1884880045543,-918.1113470421568,200.2896823633073,1625.5738743512206,-899.0951165415638,217.46388912519703,1568.812980721492,-891.178015897616,261.15703551246133,1514.5373423981046,-881.0844146994494,253.495596570564,1451.6638701464678,-879.6462670360112,0.0150344000139739,0.0149592999950982,0.0154082000080961,0.0166727000032551,0.0165415999945253,846.3349795120853,316.5921388307502,-920.4763431727712,957.8012668675286,-2423.239458891144,386.31673491738167,0.3879297999956179,0.0,1.0,0.0,0.0,30.0,0.0,0.0,903.8433274328464
216,2026-04-05T00:52:22.092,-110.0930262131833,2337.151504921125,-887.4678783614146,-73.98248408937025,2239.4882434737774,-912.1412881560163,-46.6681794155179,2147.627131383282,-936.8032367521838,-22.193415398680827,2055.9977380466307,-964.7013341654142,-13.17733586631266,1967.877615618336,-997.6276029021052,10.760624544619986,1879.854607018788,-1027.0890361311087,0.0144085000210907,0.0135131999850273,0.0123345000029075,0.0151886999956332,0.0145197999954689,311.46911291520246,121.2699665966777,-1012.9341465083312,321.72947332378646,-3260.732742482006,-1726.2224890505038,0.4296298999979626,1.0,1.0,0.0,0.0,33.0,1.0,1.0,352.8080704095467
217,2026-04-05T00:52:24.781,-251.58975636328972,2388.185187375988,-667.6881758157273,-244.3045567450713,2298.9214968755123,-664.8538659926317,-242.82697369580544,2210.9646106210057,-661.6478241206989,-225.1822244985383,2119.363482146265,-663.9560812937978,-216.0017821767583,2034.7859114355488,-669.4330609748934,-199.2769742986079,1946.894062318158,-675.9341131482188,0.0141646999982185,0.0139193999930284,0.012783699989086,0.0147899000148754,0.0146797999914269,-122.60289336920825,77.64759809465272,-801.7067857535823,170.790411235923,-2638.6647384806074,357.9738685186507,0.4620831000211183,1.0,1.0,0.0,0.0,33.0,1.0,1.0,175.277422731116
225,2026-04-05T00:52:47.496,85.14899744993227,2256.274062345883,-633.1261923144477,65.85306765942596,2177.4067809465632,-660.7002105024385,70.15946418926751,2096.808719179221,-684.8668569634655,61.00158379044524,2017.242047938304,-716.3830601771535,58.41449755638996,1938.7678389185407,-743.4580423261514,40.00912310254489,1865.0106809321023,-776.0730388264436,0.0135349000047426,0.0134429999743588,0.0148688000044785,0.0152527000172995,0.0156686999835073,-133.83515981306118,52.81677325754822,-906.9197104145096,-499.7760843559818,-2825.817988452686,-1744.787637623951,0.5436649000039324,1.0,1.0,0.0,0.0,40.0,1.0,1.0,144.04632564472988
227,2026-04-05T00:52:53.097,551.3264819202911,2113.076948199764,-1076.8118424325958,506.03047670783576,2034.97939214332,-1059.9852264618412,476.642696690599,1961.21752681469,-1016.1286780946016,449.2146637533879,1888.531225493127,-970.1477645382402,420.1502155171172,1817.3637165360408,-937.1649599875816,386.153629257492,1747.7021875700657,-903.34900231951,0.0174811999895609,0.015029800008051,0.0164569999906234,0.0152244000055361,0.019662500009872,-161.0577017027913,71.53859803616501,-940.966429631313,-443.2178809246524,-2988.420353574877,-1970.058355024786,0.4284899999911431,1.0,1.0,0.0,0.0,33.0,1.0,1.0,180.9298279541066
234,2026-04-05T00:53:09.897,253.72291805969417,2184.5267360244725,-723.6476545327489,220.09602248187505,2112.518981716414,-737.7809999096525,205.975527097964,2031.2867134267567,-753.4843688215763,182.9286280386528,1960.5839510018643,-773.2885674221051,158.44310964216174,1885.0577220745256,-791.9365416842094,129.3253971287827,1814.1573011820028,-815.9266273144704,0.0204481999971903,0.0182406000094488,0.0150505999918095,0.0153662000084295,0.0140584000037051,-403.1209877965066,243.62311111935173,-935.5890719383888,-656.6637871483408,-2323.085475753237,-1341.8478281664547,0.4918384999909904,1.0,1.0,0.0,0.0,37.0,1.0,1.0,472.361443298391
248,2026-04-05T00:53:41.066,346.672681611449,2142.7498477135173,-665.1497306077323,325.3254135311547,2063.416496134432,-664.0753196646665,295.2533846123083,1988.744936196028,-673.1034670659146,267.89247108657446,1912.9481248194268,-681.741833861374,237.91613495424417,1840.8636221218944,-692.3719538591085,215.1958071025352,1764.417672870763,-701.2882302107942,0.0140941999852657,0.015153399988776,0.0146689000248443,0.0175482999766245,0.016074600018328,-364.8548738740124,78.21905288283574,-823.057607973446,-871.8580539010509,-2653.585423161805,-267.87863618184525,0.4768796999996993,1.0,1.0,0.0,0.0,36.0,1.0,1.0,380.995316131678
250,2026-04-05T00:53:44.587,-100.06298014638378,2325.877900643908,-583.1344705658136,-93.92146563510096,2240.6154480230093,-575.7301054672575,-96.806275968494,2156.100521099057,-576.121467436659,-72.57708801227227,2068.755888623299,-574.7793143250925,-74.02088482559111,1986.5136278468688,-580.6073537403208,-54.020650442399074,1901.2009009578007,-584.2699904956869,0.0162139000021852,0.0124567000020761,0.015668000007281,0.0136799000028986,0.0138360999990254,107.56089941184382,149.08220163334727,-800.0624363606321,278.69768613245867,-2671.960054188128,1219.5633349500015,0.4448302999953739,1.0,1.0,0.0,0.0,33.0,1.0,1.0,209.24236318753307
253,2026-04-05T00:53:53.262,107.59105218477498,985.4657759329828,-787.1154559483122,112.0824816323452,938.7100819710532,-804.1952660804144,108.49041803208364,893.1415502975547,-819.1587429683773,113.53727239290264,850.843009899275,-834.9350139275489,99.8960039052563,803.6807336710302,-855.2234381962186,110.71490871949118,759.3374808588122,-876.925558663529,0.0168469999916851,0.0157390999956987,0.0153627000108826,0.0140080999990459,0.0147721999965142,76.81155209480539,33.62100058425858,-836.6854432888873,92.63357149698352,-1794.7535705102428,302.81132885408465,0.3084247999940999,1.0,1.0,0.0,0.0,25.0,1.0,1.0,105.06721328285252
254,2026-04-05T00:53:56.847,-39.05254220721508,2378.16831396198,-1075.9831251862947,27.02162962081138,2270.004909146773,-1096.6398210974562,15.38852148221531,2193.644762962423,-1086.1442832831162,13.06000158263896,2120.013331829904,-1051.3031126043084,32.45733486543168,2044.2349107390023,-1016.0694344387568,21.30446044716382,1976.5256253971463,-989.8770987442592,0.0128568999934941,0.0133442000078503,0.013611199974548,0.0140095000097062,0.0150158999895211,-37.98280881845904,-12.496322734270962,-901.4172613269882,0.0644725923069482,-2152.438252228041,-160.2867589941047,0.5918480000109412,1.0,1.0,0.0,0.0,43.0,1.0,1.0,40.01075452034919
261,2026-04-05T00:54:11.156,353.7844451847445,2133.504784083675,-762.2833252863791,332.1222049434066,2049.6694415220845,-801.7443898831364,341.9242536085778,1959.424399030227,-837.2122263289002,341.0364048228919,1873.6044084098207,-883.8090547698181,345.8826071806427,1786.529366348933,-925.189390809437,346.42198956616926,1700.8549869671638,-970.219104857815,0.0152327999821864,0.0153325000137556,0.0143473999924026,0.0156437999976333,0.0157845999929122,467.9654691050496,46.36894452647766,-814.0535094326378,381.0418833587855,-3121.451906500464,-1621.7247603062954,0.4611702000256628,1.0,1.0,0.0,0.0,35.0,1.0,1.0,478.0466070709574
265,2026-04-05T01:00:46.907,-183.33161714665448,2398.76134573948,-938.5233250802544,-168.73836893745556,2296.055517503851,-970.7220853998632,-169.16154578494888,2204.141396081436,-1009.7965308241234,-172.60923633766834,2111.942287272622,-1051.1660237393398,-169.5702333767763,2018.3347848768,-1094.3857943707662,-157.66793739908417,1937.2163333593635,-1095.5609305720775,0.0152909000171348,0.0135350999771617,0.0136087000137194,0.0166280000121332,0.0166145999974105,-94.07696104435172,-48.17303570352237,-934.4969505808984,185.97273274403403,-2214.675623151605,1148.675299113382,0.5532363999809604,1.0,1.0,0.0,0.0,40.0,1.0,1.0,111.18073379688704
268,2026-04-05T01:00:55.194,401.7427041182216,2144.675825132554,-989.7788854699136,384.5976310376209,2066.8301900393385,-1034.6785470176194,376.1023696939412,1988.3329051391568,-1076.2425850298357,362.1153351868345,1918.686417037992,-1081.951842869874,364.0289753749273,1858.1697879181977,-1041.303868538126,348.07271603342474,1799.673639676903,-1001.6121266199248,0.0155656000133603,0.0166202999826055,0.0162833000067621,0.0145886999962385,0.0168184000067412,135.75381404270047,12.392273729119095,-874.9724887124964,26.25488214405019,-1723.063193758671,866.4835170143014,0.6107044999953359,1.0,1.0,0.0,0.0,44.0,1.0,1.0,138.59669114579768
274,2026-04-05T01:01:10.406,147.76607942180726,2236.4880409936604,-740.5651812384888,143.53459676261537,2161.277887602901,-743.1175507527657,108.90374132731633,2093.3269682337564,-752.1488033574276,134.97025202680425,2012.0543645193409,-757.2466671062015,120.38814223931422,1941.7078028794888,-770.0442277749365,120.6026287196878,1866.4608806049573,-782.4110547789173,0.0152675000135786,0.0157819000014569,0.016246899991529,0.0190031999954953,0.0164119999972172,-6.633560133449009,43.06568171184381,-994.3893109166202,-97.79274710168416,-2488.413126937675,-1694.7737944987878,0.5441261999949347,1.0,1.0,0.0,0.0,39.0,1.0,1.0,103.96152690617964
280,2026-04-05T01:01:28.039,599.9229794550886,2055.2418120508923,-893.573286967187,580.3325716225243,1970.7858969842785,-936.6982202093636,562.7233455777316,1888.4592338980688,-986.3178678885148,556.4755415559614,1804.1071619731144,-1027.3983456267724,547.7352200727544,1722.7685904141704,-1073.2619111781776,546.1771719400122,1653.9864815988726,-1061.6191473509502,0.0172899000172037,0.01547670000582,0.0153788999887183,0.015675700007705,0.0165707999840378,391.9145509259597,101.03338459691622,-1002.0343375202692,17.68043220069455,-2627.0313052139195,-2160.3540746071467,0.479460000002291,1.0,1.0,0.0,0.0,36.0,1.0,1.0,417.3916219377256
288,2026-04-05T01:01:46.348,182.1460828182353,2223.5718470501906,-748.877809082908,185.74759832646805,2136.012002210017,-754.7425224466747,196.0021274546029,2043.3329835974007,-764.1621436694873,203.38999810809764,1959.9450451091648,-777.1908010592604,221.5648887525099,1873.6117400612936,-785.4891785930524,226.99167303078184,1784.1992126801974,-804.2141390789922,0.0153455999970901,0.0147275000053923,0.0147161999775562,0.0138698999944608,0.0134460000263061,509.27341607630206,68.20572055787784,-852.5146546255191,456.7669346953708,-3151.3545132614586,-452.9715864256951,0.4249665999959688,1.0,1.0,0.0,0.0,32.0,1.0,1.0,516.0099714774699
292,2026-04-05T01:01:58.482,245.31200046176627,2215.8466101906324,-1035.7405597900115,236.0660533481746,2140.493540229254,-1080.1008095307636,216.9585873147608,2078.589280451403,-1082.2110431628755,196.9568588805755,2024.1879058915736,-1043.0691656631907,192.14297896230164,1968.384817675348,-1005.2387616504044,190.2734479429973,1913.0568207672063,-971.2489591015312,0.0199449000065214,0.0162219000048935,0.0134168000076897,0.0171287999837659,0.0136234000092372,-37.22928768061547,-4.104051388032076,-856.4699152272678,193.7681522378067,-1573.7038511852195,-664.8612005705771,0.7559825000062119,1.0,1.0,0.0,0.0,54.0,1.0,1.0,57.42587726210965
294,2026-04-05T01:02:01.608,60.7883356108614,2242.8731405404287,-655.4125275287868,71.94794374001185,2154.34346182776,-675.7174132184156,105.37621245100854,2060.2464483491,-698.4111445137878,131.97132756536712,1969.246613244052,-723.1475610184625,141.34078633596755,1880.777888120634,-750.7859403346033,165.70125451990634,1792.6961453537206,-782.4561614108623,0.0155075000075157,0.0181402000016532,0.0142353000119328,0.0173770999826956,0.0145290000073146,544.973402230198,202.02629934817628,-772.7278091000346,752.0688523171543,-3077.7569707685184,34.697642050802244,0.36867369999527,0.0,1.0,0.0,0.0,29.0,0.0,0.0,594.986424503243
298,2026-04-05T01:02:16.284,166.9694470001932,2181.035415210395,-583.803236225724,147.35006508529614,2098.42229205469,-590.9727694551834,157.9849464121021,2013.5789955255584,-596.0277240855885,141.56449047748993,1931.0133863517729,-605.9926809636302,157.35524812249014,1847.037880414137,-615.3742175962896,136.48921144496398,1765.678631527884,-635.1368512545869,0.0157938000047579,0.0153706000128295,0.0168120999878738,0.013892000017222,0.0142288999923039,18.50226216943884,239.2688585857996,-804.3011317306831,-591.5838111394488,-2968.5862066725927,989.781775073368,0.3849839000031352,1.0,1.0,0.0,0.0,30.0,1.0,1.0,258.3605886786258
308,2026-04-05T01:02:42.973,77.35006730278064,2269.3189930974995,-713.1038853664868,73.3360857867292,2188.465549843784,-707.5872480051779,44.3829203608866,2110.6520468291874,-705.2962309168145,68.36968704447327,2030.4977266202025,-700.4145261084161,30.50572359517673,1957.5208459718924,-706.2150119727431,52.51655217484813,1877.9331505632272,-705.8022460378911,0.0144674000039231,0.0151040999917313,0.0151164999988395,0.0140624000050593,0.0132373000087682,-81.95518933132689,-39.60955408709992,-843.9016247055054,-185.97548741412305,-2283.25093420398,-543.1041255411745,0.5381318999861833,1.0,1.0,0.0,0.0,40.0,1.0,1.0,106.92332553748268
316,2026-04-05T01:03:03.179,-349.8504994603509,2396.882925932601,-451.0589258405183,-346.5941263549239,2309.3812562731428,-460.8101692980988,-312.0151870809213,2216.9916082442214,-473.00971516935033,-317.54348578821055,2135.678071197497,-483.7975411294701,-300.63654597681534,2049.1953533691003,-499.994165048922,-269.184670724203,1960.473605936894,-514.0694098002468,0.0148786999925505,0.0147847000043839,0.0176416000176686,0.0145557999785523,0.0137383000110276,14.342893290742268,298.0077519452175,-809.4758951396414,324.9187553708983,-2542.244286105866,1460.5910958672473,0.394166399986716,1.0,1.0,0.0,0.0,30.0,1.0,1.0,311.7835023989581
