sample_id,captured_at,x1,y1,z1,x2,y2,z2,x3,y3,z3,x4,y4,z4,dt12,dt23,dt34,x_hit,y_hit,z_hit,vx_hit,vy_hit,vz_hit,t_hit,is_reachable,intercept_valid,bounces_before_hit
1,2026-04-03T01:07:54.683,-93.08566875,2546.231986,-918.1757212,-66.67521368,2465.409487,-950.6966253,-57.01999899,2379.771476,-990.9937699,-37.04892381,2298.452494,-1028.719839,0.013469,0.0154529,0.0164228,658.4314261,186.1457139,-892.4528857,728.8026704,-2081.964186,624.8259092,0.7217093,1,1,1
2,2026-04-03T01:07:59.531,253.2808322,2618.434667,-887.6962726,243.4566728,2530.710133,-922.6221075,236.0477038,2443.538764,-958.8325305,224.1011952,2355.467304,-998.3578646,0.016915,0.015292,0.0164027,-33.16946566,-23.12762682,-949.9639437,-276.6119234,-2516.869388,1325.659844,0.6633511,1,1,1
3,2026-04-03T01:08:07.345,138.2763728,2591.150386,-1007.428495,142.6968824,2513.57228,-1048.012126,151.2807161,2438.185878,-1089.154021,150.8889024,2362.336147,-1120.677932,0.0174499,0.0155848,0.015135,239.5929591,12.98793958,-923.1237881,85.36312179,-2191.648501,-780.1664563,0.7901069,1,1,1
4,2026-04-03T01:08:11.334,-4.816867974,2545.514276,-862.0615818,-0.465774982,2463.644181,-901.2548778,18.98517781,2387.256013,-935.9800061,28.36852741,2306.911682,-977.6558461,0.0176929,0.0145419,0.013336,405.0963049,74.76188621,-858.7172781,341.6939551,-2026.35157,331.5364633,0.7740982,1,1,1
5,2026-04-03T01:08:35.217,-185.5967594,2503.058353,-838.3940903,-198.8709456,2411.186734,-870.0972212,-186.0647849,2331.098144,-898.8349855,-181.4803773,2249.337933,-934.1698996,0.0169037,0.0162247,0.0154904,-170.3815344,1.371400606,-896.2070686,-10.08531518,-2120.661508,467.9598037,0.7370439,1,1,1
6,2026-04-03T01:08:38.348,121.3147768,2609.525691,-853.8644694,134.9738631,2534.225254,-888.8335967,146.5579177,2458.333845,-926.8578541,165.3162397,2386.841283,-962.7875796,0.0149891,0.0131412,0.0128629,553.2095332,85.17924877,-878.8208704,312.1313627,-1825.320398,-624.3894565,0.8871546,1,1,1
7,2026-04-03T01:08:38.781,477.0325191,590.4775361,-973.4354392,485.1226121,570.0416021,-947.1707544,489.8619903,538.8220405,-925.3456106,494.5352694,504.8299639,-905.7791912,0.0160093,0.0173614,0.014797,566.1532928,113.8547996,-914.7559507,296.9168658,-1611.052262,-1164.21902,0.2367954,1,1,0
8,2026-04-03T01:08:41.266,109.6722351,2553.425098,-810.5623593,116.6468006,2468.444382,-842.3587792,117.1008492,2380.751271,-878.5040248,125.7515386,2298.038788,-912.0648066,0.0153375,0.015521,0.0167235,258.4413176,-27.41610575,-955.5248182,126.734966,-2245.153038,1543.678005,0.6992875,1,1,1
9,2026-04-03T01:08:44.796,711.4715319,2674.058217,-724.0303318,698.8514315,2595.053439,-737.6465216,685.8537144,2517.917778,-752.6108453,673.1324362,2440.579618,-770.259006,0.0166574,0.0158199,0.0156918,318.0388699,49.07574388,-1016.521941,-397.0146289,-2670.559391,-1836.21346,0.6835085,1,1,1
10,2026-04-03T01:08:50.962,436.5046066,2686.934544,-984.2015115,422.6199452,2617.713316,-1027.337716,287.3096801,2308.828719,-975.283048,279.6844693,2255.623179,-946.8095556,0.016416,0.0644849,0.0152539,-49.72436661,-82.57089595,-1010.834782,-237.2740473,-1678.999131,1283.424131,0.9225034,1,1,2
11,2026-04-03T01:08:53.872,-3.847254713,2548.14612,-621.2296067,1.212045096,2472.481811,-635.6362741,7.308837592,2398.5723,-653.4165191,7.182730187,2320.377066,-673.792037,0.0137484,0.0143766,0.0163085,126.0810045,78.40555216,-1001.182446,134.4646996,-2592.650377,-1942.704342,0.6675283,1,1,1
12,2026-04-03T01:08:56.814,-179.9012208,2503.041979,-631.9583718,-172.962079,2421.726892,-648.2165571,-159.7323031,2344.363135,-666.8266922,-163.1775577,2262.175764,-687.6937664,0.0163499,0.0156247,0.01617,-87.56798613,2.55195349,-919.4175423,100.3668266,-2851.856675,-1559.411233,0.6123695,1,1,1
13,2026-04-03T01:08:59.780,617.0615053,2690.046086,-662.0618378,618.4193396,2609.701539,-654.1930463,613.9326329,2525.224814,-650.9461259,612.2916275,2445.48803,-648.4193827,0.0161937,0.014054,0.0149513,535.8674578,-34.66755942,-829.2198865,-89.42964574,-2942.383842,-545.6098653,0.6230192,1,1,1
14,2026-04-03T01:09:02.563,160.449871,2596.648975,-623.7021996,154.2959257,2513.032804,-617.1482381,148.7661736,2433.345568,-612.1167629,148.0414032,2354.730363,-610.0534515,0.0143477,0.0165221,0.0157165,12.33816817,85.84378642,-800.637224,-181.8493373,-3038.15966,387.7477132,0.5529896,1,1,1
15,2026-04-03T01:09:05.516,-116.4003495,2566.875662,-1065.349892,-110.8609401,2492.89978,-1110.802514,-105.3990229,2434.354364,-1103.707049,-98.67309497,2383.711453,-1061.872723,0.0161458,0.0156923,0.013661,124.2222592,-45.12867662,-984.587369,136.523379,-1547.989773,1134.086557,1.0107009,1,1,2
16,2026-04-03T01:09:13.982,172.3801261,2593.962811,-759.4247852,184.3923962,2519.561407,-786.8044724,187.3562107,2442.558072,-817.6862458,187.6999983,2363.318628,-851.1851876,0.0168139,0.0156227,0.0162818,301.1322826,21.77444621,-845.3608302,85.14759858,-1843.578952,336.9764214,0.8542976,1,1,1
17,2026-04-03T01:09:17.469,485.7775665,2673.447498,-786.015748,476.7832999,2602.005731,-799.3792032,469.2452854,2532.443351,-814.5791592,461.9695252,2463.207561,-831.4237794,0.0168594,0.0156561,0.0154603,199.2799299,45.29656109,-985.2235006,-181.7999359,-1696.340857,-1230.512575,0.9545737,1,1,1
18,2026-04-03T01:09:33.780,31.96901985,2613.713282,-869.3662435,44.48838524,2543.722139,-902.2142646,52.59359115,2472.10365,-938.6343997,55.75954141,2398.717518,-978.7243312,0.012983,0.0137077,0.0159888,152.4913257,15.16147628,-910.5152977,70.10325626,-1819.080866,-1033.623444,0.9336249,1,1,1
19,2026-04-03T01:09:34.258,131.6823833,584.3729978,-949.1837136,129.0236137,549.6769226,-927.120692,127.6896686,516.8985389,-908.9515332,128.2395528,430.9178668,-860.505309,0.0141486,0.0163959,0.0480002,131.9664545,42.85425227,-946.2470131,1.444148498,-1701.95784,-1423.106003,0.2221477,1,1,0
20,2026-04-03T01:09:36.532,-327.5663863,2524.684326,-828.214896,-323.4645971,2445.965716,-859.028117,-332.3043685,2363.215905,-893.9969179,-333.1411853,2287.386575,-924.4407909,0.01392,0.0149426,0.0165271,-366.782771,15.60087349,-870.7352571,-23.9579239,-2011.639666,533.8975315,0.7853701,1,1,1
21,2026-04-03T01:09:40.211,577.188462,2698.118912,-926.9757293,575.5089551,2628.525187,-964.7151278,575.0360046,2562.066132,-1002.788817,576.7345254,2496.109317,-1042.328863,0.0174829,0.012816,0.0144407,497.5752298,-29.30338331,-944.3327143,-47.23433326,-1478.277318,421.7937937,1.0965683,1,1,2
22,2026-04-03T01:09:40.627,524.4427627,695.9689846,-884.4821971,518.3474003,657.8858701,-881.9780006,522.6417324,638.9763038,-879.7445426,519.9807132,607.3965932,-880.2184212,0.0185106,0.0139911,0.0131641,511.1451728,-10.46045434,-926.5251006,-24.27296293,-1389.816228,103.2420715,0.3898855,1,1,1
23,2026-04-03T01:09:45.653,-196.0636614,2482.260775,-440.5085538,-204.4184351,2394.530788,-439.5921583,-211.9234633,2310.514374,-439.8357322,-210.3231041,2226.421753,-444.8693632,0.0147698,0.0150866,0.0166667,-362.1217952,84.97702339,-803.992032,-217.7747703,-3136.781648,1464.774086,0.4949873,1,1,1
24,2026-04-03T01:09:50.710,290.1752643,2599.878655,-457.0890205,282.6544062,2519.911916,-458.100746,279.2898832,2441.670259,-460.8866742,273.632769,2363.928002,-465.6583947,0.0174058,0.0155256,0.0160356,-18.86366523,-328.2271022,-802.0489209,-238.6525243,-2566.669771,-1164.516621,0.7362174,1,1,1
25,2026-04-03T01:09:53.332,679.1848329,2685.665782,-691.278366,652.0494869,2608.421701,-683.2948234,623.7271936,2530.998125,-678.124176,597.0301883,2455.072514,-675.9793257,0.0166076,0.01617,0.0156364,-278.0556354,86.69138337,-863.0659369,-1022.033907,-2766.937048,-802.3424427,0.6351166,1,1,1
26,2026-04-03T01:09:56.533,-244.7439142,2478.769928,-780.7075748,-223.9137378,2393.54675,-801.5971398,-190.0402886,2322.862429,-822.2744943,-185.9663302,2229.082608,-846.9384869,0.015991,0.0160382,0.0177326,430.103161,105.1082187,-949.2137682,592.1059363,-2093.715161,630.5622978,0.6807463,1,1,1
27,2026-04-03T01:09:59.669,-136.7672249,2540.839448,-619.9320205,-111.4315581,2464.584779,-631.4753859,-78.72853942,2394.943382,-643.1554924,-58.7478086,2317.482305,-659.4945481,0.0145546,0.0143224,0.0152529,614.7824623,183.0165485,-865.3262413,874.4295313,-2767.71279,-1168.191351,0.5918533,1,1,1
28,2026-04-03T01:10:00.095,496.1005029,506.4930918,-790.7296214,508.1772328,470.7851043,-802.8883249,517.1838016,436.673225,-816.5651075,529.5227392,411.6727441,-830.7429441,0.016995,0.0158342,0.0156012,597.3492299,170.5218022,-1016.143283,583.2321502,-1909.044068,-2089.576473,0.1197032,1,1,0
29,2026-04-03T01:10:02.510,18.12867204,2558.348312,-649.7793451,26.37267112,2481.988392,-667.5376295,24.50462437,2402.707366,-687.6091189,38.60793289,2328.141075,-707.1236945,0.0131965,0.0167784,0.0141425,342.8558371,87.17329787,-943.8893202,378.280425,-2382.967235,-1754.594742,0.7124209,1,1,1
30,2026-04-03T01:10:05.535,-217.2721368,2577.791944,-961.1850681,-220.7173396,2539.251873,-935.8294047,-238.750768,2488.780714,-914.9213097,-231.9040922,2454.029086,-891.0926973,0.0182243,0.0145437,0.0135338,-598.4407698,6.14072182,-1013.135246,-188.2061325,-1254.605491,989.4399019,1.2414649,1,1,2
31,2026-04-03T01:10:09.088,-371.3529027,2554.982076,-1023.533941,-360.1852946,2510.945576,-993.0599685,-360.4068636,2461.155409,-964.6900365,-361.1615168,2413.702382,-939.578136,0.0154163,0.0168255,0.015978,-129.5254307,259.2737491,-1018.593802,153.9427244,-1470.44519,-937.933624,1.0163019,1,1,2
32,2026-04-03T01:10:12.926,35.06512738,2621.097604,-964.6000579,40.03267602,2535.022415,-995.6521784,41.59790928,2449.869529,-1028.204492,44.32504465,2363.916167,-1064.069594,0.0140029,0.0138608,0.0175697,298.0820489,66.22625096,-973.3663152,235.234117,-2054.815063,-1064.548197,0.8117008,1,1,1
33,2026-04-03T01:10:16.053,637.0953583,2698.871243,-902.9957516,616.8917592,2621.308837,-931.3197148,596.6715225,2544.807256,-961.6435198,575.4022857,2467.846356,-995.30691,0.0194515,0.0187725,0.0139598,-41.78772675,54.57481917,-990.5564498,-547.1175824,-2144.404012,-1048.071381,0.8020989,1,1,1
34,2026-04-03T01:10:18.797,-166.099914,2533.282378,-523.1551711,-155.4394625,2448.028486,-516.5596512,-149.4661466,2359.046994,-514.1463805,-131.3587206,2280.038987,-512.6415601,0.0163482,0.0168001,0.0167118,24.3949082,59.1868168,-805.6144436,234.6035366,-3089.282392,1189.735512,0.5193675,1,1,1
35,2026-04-03T01:10:21.887,486.2392913,2666.794595,-721.1391454,468.5996592,2588.422726,-717.2872213,454.1294634,2513.854464,-715.6663155,438.2294035,2438.314309,-716.9561096,0.0181189,0.0151362,0.014428,-60.01460741,75.97450962,-990.7675137,-563.9728967,-2660.464635,-1568.363746,0.6689764,1,1,1
36,2026-04-03T01:10:25.222,-336.256089,2474.12374,-546.1439353,-327.3829602,2401.522865,-550.5436186,-330.0739555,2326.640174,-559.5100791,-317.1215471,2260.59527,-567.1902656,0.0173258,0.0147311,0.0166496,-312.6868639,-32.66665907,-825.7486432,30.47704676,-2655.284243,-1021.032526,0.6427273,1,1,1
37,2026-04-03T01:10:28.918,317.2764625,2629.612143,-658.6862503,336.1331467,2553.793968,-655.7535435,355.6747345,2480.831957,-652.5381235,357.7003211,2402.498746,-656.4641781,0.0157508,0.014262,0.0164019,701.5067814,84.02959038,-846.9183706,411.6083787,-2838.721912,-779.8509051,0.6177421,1,1,1
38,2026-04-03T01:10:31.844,147.8004325,2567.001545,-642.3925613,135.6919693,2488.187916,-645.3432762,127.7313052,2412.274568,-648.9360132,115.1923385,2335.216215,-654.4275658,0.0131709,0.0127327,0.0145178,-25.22037443,21.26598897,-923.8157299,-169.4792699,-2617.388417,-1406.714874,0.6726223,1,1,1
39,2026-04-03T01:10:35.041,270.2969175,2626.294218,-933.1975776,262.8085432,2547.511123,-965.8992145,262.4079953,2472.772873,-998.6256087,258.378059,2398.922556,-1033.273778,0.0175216,0.0155408,0.0157416,94.55528088,77.45050225,-1015.053453,-139.6746873,-1998.060454,-1361.792545,0.8397004,1,1,1
40,2026-04-03T01:10:38.022,-202.5216865,2573.410128,-1036.233252,-191.7345539,2486.998298,-1082.742497,-175.3166874,2404.719334,-1124.900432,-169.6299895,2337.516714,-1085.248441,0.0165241,0.0158789,0.0161675,167.3236783,26.34131821,-860.9590206,334.7385331,-2329.447925,245.8384777,0.720659,1,1,1
41,2026-04-03T01:10:40.949,741.5499307,986.2578574,-1546.106581,745.2445687,992.1580097,-1540.411118,749.9577873,999.280115,-1536.222841,755.7740157,1010.167735,-1531.4421,0.0170188,0.0144054,0.0176418,321.1721399,24.04549046,-951.8679708,312.678926,-2176.428663,1010.923265,0.9206417,1,1,1
42,2026-04-03T01:10:43.881,312.9355562,2653.142681,-947.3273697,299.8961736,2578.983525,-978.1765589,289.2426823,2508.610675,-1008.817909,279.1653591,2437.373019,-1041.655659,0.0155002,0.0121645,0.0140187,-35.21163072,-35.471039,-999.2620278,-216.6581806,-1719.590636,622.9356646,0.9352505,1,1,2
43,2026-04-03T01:10:46.640,-93.29150659,2581.280348,-966.2527212,-83.37558111,2497.118859,-1002.108754,-77.89851228,2409.504637,-1041.212386,-65.98864556,2328.617311,-1079.187598,0.0126446,0.0141277,0.0160133,208.4228195,21.63211561,-913.340746,285.5539193,-2360.343124,-157.7331564,0.7169441,1,1,1
44,2026-04-03T01:10:49.523,203.9785364,2593.998202,-963.1327444,209.2155623,2509.30596,-996.9246726,220.4350604,2427.80263,-1031.022051,225.3928898,2343.86778,-1071.895604,0.0160592,0.0157512,0.0171349,433.5790463,57.65778644,-948.9938119,202.1032097,-2246.189382,-776.4578645,0.7486275,1,1,1
45,2026-04-03T01:10:52.469,-116.1403155,2567.753211,-671.3703447,-91.02361737,2489.589317,-686.6300012,-83.76062812,2403.62509,-707.6416365,-96.43121876,2310.104648,-733.9885886,0.0155028,0.015906,0.0167461,50.0494748,10.12178594,-907.777724,195.8027345,-3208.984207,-1342.167032,0.5544959,1,1,1
46,2026-04-03T01:10:54.943,140.484126,2578.894881,-515.6239111,124.8395612,2498.011289,-504.0202306,113.3630226,2419.513155,-495.6010427,102.3375542,2343.410781,-488.5331157,0.0155273,0.0167918,0.0153903,-231.0552261,183.7952835,-801.3592814,-432.8108176,-2788.570133,1393.97169,0.5612991,1,1,1
47,2026-04-03T01:10:57.413,278.9616741,2571.824553,-468.2525003,279.9083148,2494.316893,-454.1607289,274.7123259,2411.55741,-443.3008508,277.745771,2336.560214,-434.7740719,0.0129131,0.0147969,0.0160546,252.4761065,82.37126314,-803.0887675,-31.78094591,-2739.254531,1631.403514,0.5858764,1,1,1
48,2026-04-03T01:11:03.718,558.7572138,2646.988674,-612.8997147,554.0599626,2572.454403,-609.8902146,550.3816156,2499.526706,-608.7383878,546.9776983,2426.533023,-610.2240795,0.0162135,0.0155956,0.0163304,421.0607194,-41.0188809,-865.7051162,-133.7071152,-2653.884319,-1192.397501,0.6938447,1,1,1
49,2026-04-03T01:11:04.137,464.3218367,449.4571569,-766.0675206,462.1612141,416.2427708,-767.2052262,459.9216718,370.0253176,-771.307479,454.4401258,324.0959877,-778.5527853,0.0160793,0.0153881,0.0164997,435.3357621,3.136789964,-938.6717494,-150.986495,-2265.740594,-1774.604509,0.143103,1,1,0
50,2026-04-03T01:11:06.534,-175.4381675,2532.252059,-574.0282598,-181.921925,2441.614617,-573.5236814,-192.069768,2350.339029,-576.8119809,-183.6294491,2271.682999,-580.9847377,0.016986,0.0146856,0.0168665,-313.4402214,67.89897376,-800.305967,-174.8261606,-3290.160065,610.6461492,0.4947007,1,1,1
51,2026-04-03T01:11:09.152,-35.3269929,2547.300158,-528.3256008,-34.33952902,2461.153027,-528.9282706,-31.31439302,2376.47708,-533.296585,-33.31750667,2291.503464,-538.1425595,0.0165896,0.0153365,0.01651,0.182141637,264.9768288,-801.9202762,40.76968943,-3157.059237,995.3809099,0.4805357,1,1,1
52,2026-04-03T01:11:11.992,178.4889237,2544.474941,-501.7933776,161.3308706,2448.378841,-481.7116199,156.944798,2359.135462,-464.1135922,137.3359949,2264.177645,-450.2679081,0.0145134,0.0130537,0.0164717,-134.2018021,136.7211686,-1007.782323,-517.3292908,-3950.016414,-3011.290991,0.4370494,1,1,0
53,2026-04-03T01:11:18.362,-59.89464181,2568.487317,-917.9550012,-64.67241963,2502.645109,-940.8177569,-70.05140485,2435.28057,-965.4715313,-72.19620388,2371.661731,-992.2779998,0.0166912,0.0152094,0.0165834,-4.257034393,63.09459134,-1013.746331,84.51020963,-2023.072502,-1246.119283,0.8387911,1,1,1
54,2026-04-03T01:11:20.983,36.04745496,2542.118112,-594.9189378,38.57872429,2476.50688,-600.7316765,38.92171475,2408.544245,-609.9266302,42.1546469,2344.56142,-621.2377697,0.0155948,0.0173966,0.0148762,190.9334814,-39.65063441,-968.8156896,109.3652648,-1872.94535,1561.809598,0.8452634,1,1,2
55,2026-04-03T01:11:23.793,-177.4975628,2538.804448,-628.8617561,-182.6791936,2475.130087,-636.8027738,-182.7535652,2414.740386,-646.9568154,-182.1940286,2355.988187,-659.9324933,0.0162766,0.0150843,0.017521,81.38214117,-1.388975012,-914.909335,183.0986146,-1454.255974,1378.007483,1.037628,1,1,2
56,2026-04-03T01:11:30.305,231.5977122,2531.136145,-583.7867142,227.4968858,2423.493684,-559.4834951,214.9488513,2310.203182,-539.8925197,205.0876318,2201.297722,-522.75807,0.0171024,0.0164089,0.0195882,-21.88025122,5.742965271,-887.6671136,-464.8186365,-4597.915522,-2523.257208,0.3820321,1,1,0
57,2026-04-03T01:11:37.040,-12.2443378,2562.193055,-979.366224,-6.98992363,2482.878883,-1019.098917,3.941331418,2406.467188,-1055.491323,11.4590441,2330.057699,-1097.240251,0.0135014,0.0135754,0.0126959,219.0833078,27.10685425,-923.8889141,184.1455725,-2103.173976,-786.1524228,0.8048776,1,1,1
58,2026-04-03T01:11:40.996,570.6666839,2711.905184,-848.0742713,550.7019508,2640.904278,-868.4414628,521.7393905,2560.930898,-896.2202298,490.256065,2479.358313,-929.4866164,0.0165457,0.015068,0.0161023,-387.4832917,152.0560982,-893.7434483,-777.1030548,-2053.395871,-50.4230809,0.7771974,1,1,1
59,2026-04-03T01:11:44.118,170.6282704,2618.994777,-883.3058327,179.5241688,2532.780567,-919.3541656,190.5144561,2447.926545,-956.9164242,199.7693266,2363.42186,-996.8134534,0.0161775,0.0154394,0.0159251,457.3956706,39.45064887,-909.848116,246.5209018,-2352.725457,880.4061258,0.6999432,1,1,1
60,2026-04-03T01:11:47.406,112.6490672,2549.504313,-744.8696173,112.0764753,2468.739824,-768.8621127,109.2767973,2384.774473,-799.8408794,110.7012569,2306.416676,-828.4899156,0.0133115,0.0137513,0.0134214,63.95041193,-6.93218708,-876.9004578,-47.07993369,-1799.968865,-76.5701135,0.8591904,1,1,1
61,2026-04-03T01:11:50.478,13.1760792,2513.49292,-619.2540017,19.13673118,2424.67524,-622.3342231,20.90751327,2335.511027,-631.789683,24.62760846,2248.660504,-641.8032891,0.0150495,0.0169077,0.015673,103.7362708,-8.692663166,-819.4023974,107.3703043,-3123.59909,-583.4452606,0.5509642,1,1,1
62,2026-04-03T01:11:53.593,-68.54570209,2528.648703,-566.492401,-76.58732989,2453.748939,-569.9074377,-87.0687949,2376.348088,-575.6257404,-87.17695241,2306.181325,-582.1972875,0.0165854,0.0170299,0.0152773,-164.9649326,-21.32362263,-853.6649585,-91.94439134,-2632.058394,-1301.272033,0.6676717,1,1,1
63,2026-04-03T01:11:56.471,457.4366805,2670.681511,-745.1816826,454.7790442,2575.867258,-742.4697945,453.8804966,2483.844862,-743.4743976,444.7143599,2387.360787,-749.1056784,0.0155533,0.0150618,0.0166987,282.1043178,-10.87318184,-930.4271104,-224.8136616,-3389.839408,-950.2300015,0.53612,1,1,1
64,2026-04-03T01:12:02.503,311.9763129,2559.931458,-402.9504359,308.6027792,2469.997062,-386.8863947,302.690991,2377.782524,-375.3056473,298.6100351,2290.225295,-365.9216718,0.0164547,0.0166615,0.0136698,149.9781899,-64.88251881,-953.3934637,-200.648321,-3211.269798,2563.186864,0.5121455,1,1,1
65,2026-04-03T01:12:06.185,-264.0544416,2549.569449,-761.606674,-254.6404583,2479.410689,-781.1784657,-236.3894481,2413.258732,-801.68575,-278.9504477,2322.752479,-839.3295145,0.0178305,0.0163376,0.0132362,-458.5509441,38.92479084,-861.900926,-158.1940994,-1769.731485,-47.73258235,0.8682112,1,1,1
66,2026-04-03T01:12:14.551,347.5747037,2590.020095,-408.7327373,334.4250773,2515.338622,-380.2837182,318.8754657,2439.98029,-354.3799597,308.5568461,2369.143028,-332.7027855,0.0162895,0.0161548,0.0131238,-100.2086312,26.53859161,-884.3907456,-447.8100364,-2545.955385,2526.250429,0.6361798,1,1,1
67,2026-04-03T01:12:16.856,196.0244006,2580.863506,-651.317189,181.1541587,2515.154221,-652.2700785,164.5923053,2448.661807,-653.27528,154.3646485,2385.346196,-659.838939,0.0165731,0.014543,0.0160471,-344.4979588,-13.94630189,-1003.886135,-411.8587106,-1961.5899,1624.771928,0.8109548,1,1,2
68,2026-04-03T01:12:24.536,-11.56425964,2603.298591,-952.6879099,-16.59477885,2513.845189,-986.601534,-7.535264964,2430.518167,-1017.211894,-4.595503328,2348.021713,-1051.891579,0.0166178,0.0158539,0.016087,96.55595444,4.355746017,-926.4300293,100.1155128,-2382.920389,-276.9737888,0.7089478,1,1,1
69,2026-04-03T01:12:29.561,586.2828863,2688.880957,-844.0691838,567.5973291,2616.73272,-874.4724709,550.241557,2546.152363,-907.464228,530.8241378,2474.802314,-943.2153665,0.0142981,0.0176578,0.014887,-112.1840995,111.487584,-986.1929157,-481.556266,-1753.316985,-1436.60906,0.9509737,1,1,1
70,2026-04-03T01:12:33.289,309.0131297,2627.313249,-907.3240499,294.6401248,2543.301316,-937.164304,279.418542,2461.070118,-969.261328,269.0318398,2381.615545,-1001.515439,0.0153681,0.0150629,0.0159937,-172.186433,27.3566268,-906.5436282,-433.8928643,-2306.068748,-14.36849539,0.7304967,1,1,1
71,2026-04-03T01:12:54.274,481.8042516,2693.439911,-898.9848879,479.5064697,2610.233455,-915.0805202,471.7436461,2524.417512,-938.0180946,465.9638701,2441.342121,-961.1948989,0.0152618,0.0173509,0.0154922,234.8920697,-14.06558367,-946.6415188,-232.4012894,-2440.2602,-190.8595788,0.7134089,1,1,1
72,2026-04-03T01:12:56.179,-239.1660648,2474.326472,-547.6252053,-253.5905245,2379.060989,-543.2780417,-271.5944214,2286.534796,-543.5171115,-287.0584713,2195.379307,-544.7799257,0.0164942,0.014915,0.0163664,-701.9476816,101.3485751,-867.2731516,-637.5350248,-3326.627271,1480.649721,0.4565566,1,1,1
73,2026-04-03T01:12:58.168,42.13350973,2548.528632,-537.3808198,43.25906278,2461.720099,-536.3713484,42.2631565,2376.02649,-537.835489,49.12271825,2294.348496,-541.1526749,0.0162013,0.0165287,0.0162191,42.49897817,264.0769094,-800.1516686,-1.871803211,-3040.415497,986.3440835,0.4967698,1,1,1
74,2026-04-03T01:13:00.627,166.1326887,2530.737704,-534.1251568,172.8847353,2434.638028,-526.1856413,182.3414834,2342.16337,-521.7047628,191.6256589,2249.966783,-519.3252699,0.014231,0.0172011,0.0149178,347.2801177,36.78936037,-886.4149854,242.9478522,-3408.073659,1742.177354,0.4682889,1,1,1
75,2026-04-03T01:13:13.229,-44.71729446,2555.721353,-792.0014782,-30.1147388,2498.918734,-803.5764707,-35.63757449,2433.264739,-822.9187284,-33.88183646,2365.551351,-843.4302541,0.0168633,0.0165208,0.0163474,523.3007843,212.600398,-849.1211163,632.4811534,-1539.717316,-50.06310365,0.9037226,1,1,1
76,2026-04-03T01:13:16.965,580.9163495,2703.578786,-718.6575715,598.52821,2646.369606,-712.0829721,593.5962638,2568.567358,-716.8590703,588.7395023,2492.45501,-725.2207783,0.0157127,0.0164601,0.0158259,333.2809307,-48.42843871,-859.0733256,-236.1752193,-2447.396062,-1224.718166,0.7536145,1,1,1
77,2026-04-03T01:13:20.121,373.767006,2694.234575,-1076.785318,361.0605717,2651.837422,-1053.264404,353.1771485,2614.600661,-1028.137182,345.3616014,2576.567255,-1003.920032,0.016046,0.0165514,0.01561,-191.2603754,371.2905183,-1019.507745,-300.1321407,-1232.469961,-378.471351,1.1959036,1,1,2
78,2026-04-03T01:13:22.810,375.7710232,2685.495928,-1033.600417,368.8705552,2628.780732,-1064.139705,366.9073249,2574.907495,-1092.606665,360.7659967,2522.238954,-1119.017445,0.0159889,0.0165791,0.016899,-95.48215548,304.3573057,-1018.159155,-319.0613183,-1507.716086,-833.7926105,1.0132493,1,1,2
79,2026-04-03T01:13:26.630,10.00770514,2588.79545,-931.4030993,22.18522071,2506.131803,-964.8885081,31.77766539,2423.22705,-1001.900082,46.10803383,2344.23027,-1038.071736,0.0165856,0.0145617,0.0211508,338.1614938,42.70653706,-895.3873795,281.8561953,-2251.891723,-21.42675853,0.7359166,1,1,1
80,2026-04-03T01:13:34.716,235.5829111,2622.585523,-679.9399171,239.2201987,2532.23893,-682.5996485,231.3806995,2439.257527,-688.8119743,244.0073794,2351.472991,-695.0740216,0.0146402,0.0155919,0.0191001,276.9264696,-0.208906539,-869.3029902,51.17636885,-3270.49362,-651.4093356,0.5384794,1,1,1
81,2026-04-03T01:13:37.104,-0.532853658,2566.489143,-543.9577153,6.090089392,2477.742254,-536.2198435,-8.500649702,2378.094605,-532.050236,-15.82898528,2284.380091,-530.2162563,0.0175578,0.0156088,0.0130775,-207.8033015,28.00482962,-865.3931319,-291.1783077,-3451.694899,1503.205945,0.4741123,1,1,1
82,2026-04-03T01:13:39.194,345.1764997,2591.669057,-773.7845992,351.8258656,2499.636523,-781.1838346,351.2567659,2404.242951,-795.9503198,359.3624973,2316.138088,-808.1603336,0.0158443,0.0157405,0.01635,404.7505106,33.9634096,-982.9661339,78.46181503,-3420.496489,-1302.642271,0.5154773,1,1,1
83,2026-04-03T01:13:47.780,487.9655389,2717.651305,-975.1181585,493.2839053,2661.683643,-999.3664446,478.9801907,2591.437627,-1040.12545,466.4488533,2522.908811,-1082.824192,0.0156691,0.0159513,0.0166465,-59.73361976,3.74313434,-938.8252588,-312.3238696,-1488.556487,361.954339,1.0811992,1,1,2
84,2026-04-03T01:13:50.996,22.7606936,2629.863753,-1010.395783,38.97122656,2570.078728,-1042.944234,43.17394221,2503.444594,-1083.633351,39.85857655,2435.530802,-1126.497617,0.0185721,0.0152241,0.015167,103.3928395,-0.153066515,-933.935449,25.22493881,-1424.247524,-60.96069109,1.1248258,1,1,2
85,2026-04-03T01:13:54.042,-52.95304547,2592.6167,-837.7117013,-51.79373355,2518.687123,-866.5390057,-49.99992156,2448.384819,-897.9383679,-49.49358752,2375.611488,-930.026285,0.0145956,0.0129992,0.014104,-92.50922273,0.068070411,-886.3499943,-49.7648052,-1925.275456,-561.2122629,0.8770031,1,1,1
86,2026-04-03T01:13:56.346,456.9708885,2695.859462,-902.4389775,458.9530095,2631.602516,-935.716093,450.8936108,2559.354189,-979.7234081,446.0092768,2489.719726,-1022.27872,0.0167203,0.0149261,0.01618,162.9430011,10.34578851,-932.1649456,-215.7118107,-1882.669877,-1260.136794,0.9452174,1,1,1
87,2026-04-03T01:13:56.795,232.5331372,625.8906922,-932.6352557,233.3823596,604.9185104,-909.9107471,224.5012786,538.1229948,-878.8320758,222.3097973,511.939221,-867.1854826,0.0127997,0.0291779,0.0153441,192.1660638,77.96319229,-995.6113778,-127.5486135,-1654.415163,-1695.881401,0.2585732,1,1,0
88,2026-04-03T01:14:12.475,-86.39486605,2513.386321,-535.76548,-90.48425394,2438.153943,-539.2887656,-89.3830443,2367.680816,-542.425518,-86.80746513,2297.064202,-548.0227335,0.0164821,0.0166033,0.016666,-24.53373983,-24.22849974,-857.4266129,61.76107758,-2458.207609,-1405.678353,0.7093649,1,1,1
89,2026-04-03T01:14:15.044,-69.58299313,2546.569783,-555.2033924,-89.05544339,2467.092089,-560.9824536,-109.2626463,2387.253558,-570.0914448,-122.8805028,2311.629362,-580.4685422,0.0168682,0.0161165,0.015525,-560.8359839,87.40031634,-821.1909852,-535.7982114,-2702.894023,-1009.420577,0.6262275,1,1,1
90,2026-04-03T01:14:17.297,109.3699167,2590.155205,-744.746984,100.9096015,2520.597169,-761.1335322,96.77829851,2450.827646,-781.784788,86.23644443,2376.7935,-807.5483064,0.0146828,0.0150178,0.0165098,-24.82950035,-1.411993128,-903.1206392,-64.74211447,-2010.803678,-4.368281481,0.81822,1,1,1
91,2026-04-03T01:14:20.168,-83.05117566,2533.622961,-547.087329,-90.57809338,2445.765975,-547.0479071,-92.3890178,2361.205358,-551.0955533,-90.90171635,2280.738762,-553.1522306,0.0176851,0.0170707,0.0165314,-114.9903341,-143.7240574,-804.0790478,-38.62015212,-2764.857334,-862.6598166,0.6528212,1,1,1
92,2026-04-04T13:02:12.225,100.05775580109275,2518.7895928394746,-1168.6942935452462,230.87535942560748,2506.691769232749,-1136.54396264072,270.99007296849095,2487.0494385949,-1052.1691090346226,264.9389736739274,2463.4940377911557,-1017.6670186159516,266.9005931047584,2443.499772558208,-987.4991715503326,220.42307208640773,2394.2131066154607,-960.4928885171951,0.01298190001398325,0.012544299999717623,0.01276990000042133,0.012461399979656562,0.013903700019000098,49.21696557247401,392.1049761331692,-1148.363273405867,-444.31732163321675,-1863.3178266690581,-2973.6996712030027,1.1791603000019677,0.0,1.0,1.0
