x1,y1,z1,x2,y2,z2,x3,y3,z3,x4,y4,z4,dt12,dt23,dt34,x_hit,y_hit,z_hit,vx_hit,vy_hit,vz_hit,t_hit,is_reachable,bounces_before_hit,has_bounce_before_hit,intercept_valid,x0,y0,z0,vx0,vy0,vz0,gravity_z_mm_s2
-132.05869931599776,3057.523708094394,-662.1790312152802,-82.46669344268099,3017.41841048318,-648.2707523639058,-38.89751385275446,2985.5908512313868,-646.3776392895842,9.038969012566056,2953.589746427271,-639.9144483858897,0.018348701019654697,0.016475822035476016,0.016492348191166267,1371.2753595830688,1931.1117707241865,-753.0093730034232,2680.6404912677767,-2009.0455806439677,1488.570756504259,0.5086831287537034,0.0,1.0,1.0,1.0,-129.88331552688885,3056.177295884797,-662.5823796584452,2680.6404912677767,-2009.0455806439677,660.741772413986,-9839.89274552391
-584.587732122205,2810.2328585362266,-845.1978424134891,-542.602798805106,2732.367571010083,-848.2920263268045,-510.289649054809,2670.9956538127135,-867.2927929039951,-474.97836413811945,2602.047474774585,-872.084339395613,0.01588783741680549,0.013156571418818395,0.014070740567042765,672.1228751380345,339.5033414000186,-849.512709754466,2408.539439240203,-4752.413176321625,-556.7283667122925,0.4768848505973337,0.0,1.0,1.0,1.0,-580.3176332668713,2810.7581930872634,-844.7336567893685,2408.539439240203,-4752.413176321625,-466.4331250546912,-9727.580649609976
-463.9237394354716,2323.6867816016984,-686.9727761563429,-431.63313936714565,2241.0340885232617,-722.5126703818057,-391.6010232969775,2137.9851847557443,-760.8195774765367,-346.33624231317,2047.7038451451604,-798.5782591860262,0.013077947055356733,0.016917291242487264,0.015899056757935907,430.63157508933455,258.95786572707084,-618.0396249042255,2594.7559551959166,-5978.8812155641135,1892.7967670437029,0.2991057049442203,0.0,1.0,1.0,1.0,-464.55922945325733,2321.6718850966886,-687.3984396911735,2594.7559551959166,-5978.8812155641135,-2220.6416623012196,-9719.801730743242
-405.9134836433441,2690.671817330368,-1028.3829999520626,-382.6588406341742,2624.862651614798,-1058.5800839742733,-343.7938609621381,2548.740155756869,-1092.3449460401807,-318.80718908418,2483.2295629451382,-1116.5496337486734,0.014622100477237018,0.014538710732025964,0.01340686278687478,653.0113712384608,304.645199671082,-927.2295090882247,2266.709670038989,-5081.574978624226,-1466.3263719161034,0.42743232600386255,0.0,1.0,1.0,1.0,-412.34217367986344,2692.9854396244646,-1026.9990519425378,2266.709670038989,-5081.574978624226,-2018.4327345194183,-9640.549866484831
-1020.4861654353195,3015.6071299670707,-522.9435366477717,-979.3167282829719,2991.877752642024,-539.8526883167752,-935.6037396083625,2959.712613921392,-565.538510934555,-899.3115843638478,2934.6196420939373,-595.0191145251785,0.014048792530831623,0.017036749605516557,0.013835915088375606,1211.472546160206,1626.3243875966937,-644.1208442928871,2652.436757636312,-1652.2084688761838,-2041.0771102737294,0.7950785427752769,0.0,1.0,1.0,1.0,-1016.5743302542978,3014.179501452665,-523.4274597121633,2652.436757636312,-1652.2084688761838,-1346.4540837198972,-9749.953304012233
-861.28366887282,2911.247310715841,-962.8028760701337,-848.3572433325787,2830.9339326259346,-979.0281723235786,-838.9849156402744,2761.094028180507,-983.3871259251745,-831.2842577663748,2694.580317866923,-986.1748536794262,0.01745105837367313,0.01464738878840615,0.014319297170350131,-410.13302751155607,-105.08993242429821,-1019.9228919067531,700.1942679964717,-4675.839421981456,1053.780141591415,0.5985822556675711,1.0,2.0,1.0,1.0,-861.7583303692801,2910.8264947537336,-967.0176388539948,700.1942679964717,-4675.839421981456,-248.9315979219105,-9918.526922456875
-456.8750799098092,3140.7619262908174,-1137.9714426875044,-423.7550657759632,3103.6525114768515,-1099.159610215583,-395.6211415701193,3071.9791680507146,-1039.292595395867,-370.1120943979394,3047.4945677607507,-983.1018689453872,0.018020018361865325,0.017715375624797393,0.013979130646359542,1191.4862209430219,1263.2219792832257,-731.5369216655873,1778.6897176417933,-2031.3826798080015,2693.3882106156766,0.8752854753669784,0.0,2.0,1.0,1.0,-453.8017678756331,3142.250958105635,-1133.3383560296206,1778.6897176417933,-2031.3826798080015,-3904.334145824171,-9941.198754340132
895.5914698422184,2154.8995063502584,-946.2387744869676,833.9818962236172,2082.966434462532,-1031.8674284907595,766.2656346086427,2018.4213005673591,-1101.381472704484,712.8917257810076,1944.344979143981,-1126.0513947655957,0.01623125364191763,0.01506249374302894,0.014515710929689785,-380.8702532559473,723.6499922342471,-131.6546008534234,-3985.726585286812,-4473.566397880059,2293.950955205668,0.27419054168536383,0.0,1.0,1.0,1.0,894.5622540358318,2155.1912395558616,-951.4359423634451,-3985.726585286812,-4473.566397880059,-4615.987856454871,-9785.93824331308
760.0094242203421,2546.334425829267,-875.6950501707711,716.6162765823719,2473.4202378317596,-918.9753891456598,675.3838850801637,2395.3062107237256,-962.7421113464345,627.6558899216092,2325.8941631608936,-1012.0387250469151,0.015366850833589008,0.014092542088808648,0.013745912925238704,-543.6346578906797,328.3733247719614,-511.46829780893955,-2896.612142558033,-4918.368556665811,-28.087579124002275,0.4067946941523639,0.0,1.0,1.0,1.0,759.8408062604349,2541.639175271571,-881.1773527297526,-2896.612142558033,-4918.368556665811,-2695.5577731566773,-9824.966382437253
980.4257016952948,2975.0677644400603,-736.3150717210664,960.9248417338127,2913.713801447436,-781.5252122242081,943.7934247275111,2858.0510258829772,-841.6560009266778,929.2182910386186,2797.881464863551,-893.7589005417638,0.016092711255765137,0.01617036776144765,0.014300745600461781,129.2094294941027,-253.09371748086437,-574.9300933017977,-1037.9277215493141,-3968.3964986398587,-2628.245744756157,0.768436175382326,0.0,1.0,1.0,1.0,975.1205225567958,2981.149428910626,-735.1625968735522,-1037.9277215493141,-3968.3964986398587,-3170.1548182464653,-9803.431893738687
494.41716453628527,2653.397657059158,-499.0351301888803,466.750754705209,2567.2136599908167,-488.07336647848905,455.3645342915096,2487.298089341966,-490.72575285011993,431.9258091072028,2416.734434376939,-487.45340123316976,0.017563614222612496,0.015919908564325642,0.013760035057418761,-71.61686753463009,39.57053875022535,-844.0328613887065,-1097.4490166157984,-5135.922443291259,2648.21270807392,0.46275644215564343,1.0,1.0,1.0,1.0,488.082130939428,2658.89098482877,-495.4420092130764,-1097.4490166157984,-5135.922443291259,427.5513128296765,-9797.73661412565
-754.1867119311767,2953.3540551971137,-1011.9077696322371,-714.8527105945212,2882.1400169990616,-1089.0698764489732,-673.8617797043222,2795.387096839905,-1123.7132578043622,-637.0736452492622,2739.044332111342,-1044.919037932807,0.01334285451555704,0.01862664562332337,0.012519510848577692,612.7648268993776,547.7844206450213,345.9213463952208,2715.531370634213,-4756.463172781918,791.877419302144,0.4605109890125422,0.0,1.0,1.0,1.0,-758.5785152709007,2949.798322899884,-1011.9970409509715,2715.531370634213,-4756.463172781918,-5204.043914758475,-9740.871552912464
1026.0919918445154,2536.8601424425046,-598.4762455408737,988.974542117732,2442.5890675622386,-594.3840135763904,948.493865508239,2346.3346242155526,-596.8940162669234,914.9455966721164,2261.7546096664205,-599.0984177609603,0.016901065560622836,0.017325578704076954,0.013803552148755407,64.60591442114048,-27.20254310840747,-900.8197110882452,-2099.8941585308094,-5633.695336932837,2433.845450306777,0.4069698035865451,1.0,1.0,1.0,1.0,1020.0577565526592,2536.1288351960366,-601.8833361610144,-2099.8941585308094,-5633.695336932837,300.63208419667035,-9757.624386615555
-386.6436143221344,2963.4841770196736,-766.1992998264212,-360.4973300616996,2915.885257844226,-796.7306905826125,-339.1628400977948,2869.9867775677662,-842.2742063148987,-307.43715271960804,2825.16197134183,-876.3949686540545,0.014525399255523616,0.015104147294946274,0.017511678301594082,1018.861042030151,672.980008936564,-947.1745144914418,1806.9307300052028,-2936.771640570747,-2841.9519130939975,0.7328587751479366,0.0,1.0,1.0,1.0,-390.5449273739084,2963.66188858174,-766.3389314802243,1806.9307300052028,-2936.771640570747,-2126.668201964142,-9828.180446207649
-235.83620823872812,2773.2661078641368,-1136.3539260876107,-222.737909576048,2726.0131160740348,-1084.7180204074368,-205.07637835550236,2678.5643009915984,-1008.5554012510042,-196.42818800502042,2651.903685966614,-964.1136043566356,0.017158273182659434,0.017998704670415335,0.013889265998843874,588.2601512348149,297.85993366021194,-825.3184377554151,847.7913323200601,-2538.764401335171,3488.0451634972396,0.9259537561480821,0.0,2.0,1.0,1.0,-238.33639777724431,2773.155224962007,-1143.2306485170266,847.7913323200601,-2538.764401335171,-4278.729827003973,-9656.869985571246
82.81603013687739,2377.5908018817568,-556.402792314163,100.90939003801758,2299.6074768288076,-586.4117352734148,117.22744170768564,2216.555456213704,-617.7734609258247,132.44688665729137,2131.7982268795936,-647.7920555890944,0.015010939814028639,0.014107396640837953,0.016283842357790155,520.059140234616,208.974296141843,-625.5757653717938,1090.1583507588707,-5427.547830361693,2002.678398078143,0.3545978211873435,0.0,1.0,1.0,1.0,83.99579993106727,2379.993428286524,-559.6047886989694,1090.1583507588707,-5427.547830361693,-1652.266900379524,-9711.062614285382
779.9692563595859,2088.4248617885,-644.1563167025581,749.1183805069287,1984.5407185613371,-600.9561419565373,719.338548840465,1895.153320280991,-575.447090286632,699.1501979202405,1815.937594230651,-558.3793324256904,0.016123457163751125,0.014494446433588666,0.014617576267692566,126.6053307296619,-121.86600450247569,-517.0624621531389,-1788.623905690222,-6055.346019290962,-1453.5911950102245,0.31976452013496787,0.0,0.0,0.0,1.0,779.4530563065937,2088.3352925387285,-638.0505479043486,-1788.623905690222,-6055.346019290962,2116.539610085346,-9781.180287933075
-561.220265311918,2747.0005326401238,-553.5273153466208,-545.1214827903019,2716.049765101238,-616.9114155312664,-523.7451479377683,2675.588283998955,-694.7168001660882,-499.5186911064063,2637.625716740594,-773.9556293012258,0.013910864490582929,0.018383050129368993,0.013729158243667064,968.5809520031241,-29.81242907488339,-622.5502799896129,1304.4202189918003,-2364.4932208193177,-4701.570378648451,1.1289769271363779,0.0,1.0,1.0,1.0,-564.1128053122405,2748.4671053878196,-550.0522867626238,1304.4202189918003,-2364.4932208193177,-4547.473300935106,-9833.705327576488
-929.888549232938,2205.6503813585286,-1138.3388220784934,-887.8132354133037,2116.076174294404,-1119.6624904483208,-840.3462238134375,2026.2252796460089,-1072.9139896284248,-804.3344946953101,1936.7348172453965,-1035.0295721385996,0.014455423123805116,0.01746313614488097,0.014810438030448778,169.1208836709786,-280.0233249254107,-805.2472539495395,2532.3063078359883,-5773.479241676342,-1311.7141082691508,0.3832710027008654,1.0,1.0,1.0,1.0,-919.7708286984953,2202.572748995416,-1138.3718533000615,2532.3063078359883,-5773.479241676342,-2892.374590934156,-9973.619774650824
327.7394488360347,3177.4801596154025,-794.6447114535067,276.98373620657867,3138.5597245724234,-859.1523001813337,224.9997693248311,3099.3237314129187,-937.1603743925006,178.02013801988903,3057.324546227883,-1008.0648770518803,0.01588768810919513,0.013876060654924947,0.014954899322877215,-1207.5393608278318,1901.3320350136003,130.76292037849987,-3226.313431108057,-2696.0467823801405,1204.7748252871895,0.43028135191300304,0.0,1.0,1.0,1.0,324.9595189484967,3181.954256644154,-791.8275549899221,-3226.313431108057,-2696.0467823801405,-4452.436131075274,-9956.990532593109
-576.3292723520332,2363.523692779775,-503.54765581075435,-563.1396796928582,2325.8141862390567,-544.2696883875136,-544.302947081127,2275.3530301630303,-609.3815097629995,-529.2229266915726,2231.638790274058,-665.2811896136194,0.012938602451705928,0.013843069481409832,0.013559977385928082,210.86742577654172,282.97136539994835,264.21947367964367,1261.328104666838,-3339.1761588342133,582.0838833661285,0.5846583506809566,0.0,1.0,1.0,1.0,-577.4626396402314,2369.9564646713266,-499.47076768759473,1261.328104666838,-3339.1761588342133,-3896.756048335849,-9719.464840050074
-387.03892327681154,2035.9927475982765,-1129.4137653089133,-408.2304720972996,1951.6539786626488,-1142.75820948256,-426.9653513049745,1861.3151823208607,-1138.617244998897,-443.83264993822826,1784.180543996012,-1127.2590585785547,0.01828210872252495,0.016528345751839757,0.013661892885231328,-798.184727247563,190.22767747467665,-1094.2436410264786,-1190.3201457105226,-5366.125314579112,-19.516039280041483,0.29652765264040415,0.0,2.0,1.0,1.0,-387.52427697743144,2041.540911004473,-1129.8556609302118,-1190.3201457105226,-5366.125314579112,-839.3503593520979,-9872.329909114691
-522.1492378307493,2732.0392588535406,-763.471197895925,-489.6239571486496,2668.714034848541,-783.8184972065579,-458.75222784631785,2617.385402106122,-805.8215245791453,-433.06159070924053,2554.323661626925,-824.1044424112077,0.01422830577608001,0.013436336516256975,0.01679360007883253,744.5858699091775,359.79487958388404,-767.847731450251,2095.9484189508967,-3924.3079233424064,-1129.7375492451333,0.560541757628831,0.0,1.0,1.0,1.0,-523.4629235561144,2734.001173206044,-763.261411937272,2095.9484189508967,-3924.3079233424064,-1088.8746202262537,-9910.634594287043
-846.1129351483597,2205.267085163545,-630.11864195546,-778.525279953247,2149.744546098642,-647.7955208141091,-714.7143968759343,2094.7836128503027,-672.4349199119421,-647.3301596221173,2039.6804441865095,-690.8078620332047,0.016312849076788063,0.016067672646233544,0.014402321270988595,726.5093994413206,939.2977176525164,-811.3345331484696,4380.004542985477,-3517.8301654259517,2150.238667776516,0.31321715700599,0.0,1.0,1.0,1.0,-850.2922360334499,2205.716577205858,-630.2197444246436,4380.004542985477,-3517.8301654259517,-1049.926912993842,-9722.264652879794
320.85874407954793,2581.0124042914567,-1078.681284607994,293.6886661285755,2523.3441547806865,-1062.8876869735486,274.7073593343938,2475.8680294255237,-1055.239951842203,249.0648173179539,2426.837500155271,-1043.7762833676172,0.01662213085396382,0.012833318204643358,0.014362435692621554,-812.231280691851,378.4716930246368,-1055.2515248113475,-1748.2070496788645,-3393.3643547577904,721.9148382879814,0.6061821152487717,0.0,2.0,1.0,1.0,324.1033015994094,2584.158523617204,-1073.2555481792688,-1748.2070496788645,-3393.3643547577904,936.9766986871743,-9881.052130658456
-675.253982832261,2476.2719774849043,-834.8463498504657,-646.3158945989962,2423.368480197072,-817.6168016447692,-610.0287943506755,2374.5726931020436,-796.6570873288817,-566.5412736466956,2306.0969110806955,-787.1690562416417,0.01402616888246366,0.014161040088892372,0.01724462150338647,658.3463213351582,441.2543291888553,-902.2683722593677,2480.4179029624484,-3771.0814472483353,1777.2620707088458,0.49456816952525784,0.0,1.0,1.0,1.0,-681.0793462645643,2477.6383107029606,-835.8384900391117,2480.4179029624484,-3771.0814472483353,1367.4431471644284,-9704.420345848728
-667.0122203691498,3227.2811973181147,-577.8347834415762,-647.7608252227753,3180.0167859659723,-577.6866833696707,-621.5840040464589,3136.4312657849046,-576.7330708090661,-604.5983838470177,3090.7724095649764,-577.1423819366718,0.01790261255346941,0.016123322273265833,0.015757150392079602,653.5580516773739,190.31340643607393,-999.6748911263985,1198.3411766997904,-2758.9742378539754,2879.6317440789453,1.0502169147811837,1.0,2.0,1.0,1.0,-664.6172426923993,3225.1850680754496,-577.924491907296,1198.3411766997904,-2758.9742378539754,218.29301262781073,-9775.105995242482
378.64881194508814,3040.731202508556,-1118.9408883387484,396.15395351285787,2987.8196845859875,-1086.9951282598197,413.3234566075409,2947.9310525068995,-1057.2625954360951,430.41516459543055,2899.4317657140036,-1027.6711352696038,0.0180427038151294,0.014843676717236673,0.01722916280310107,1334.81699541033,372.52256238239875,-1057.1039797605308,1017.4118255751996,-2837.5396460828388,1766.197860353111,0.8898844566645335,0.0,2.0,1.0,1.0,378.449879369635,3039.8098297002816,-1122.5623820420533,1017.4118255751996,-2837.5396460828388,2099.3540251789486,-9832.512156286979
-769.1387858435779,2307.8222770085727,-674.7382662358045,-765.1364514943226,2180.1963421668543,-696.4076777888137,-762.6225290298174,2062.950524999143,-717.2955541180194,-754.9156396964631,1913.5569551461915,-750.4816241536241,0.01664623425678945,0.01475931397789651,0.019048383148700984,-694.279426546067,-29.908728159471117,-922.9472937252941,253.72334123420006,-8063.7438784085125,2497.687472491357,0.2395460686166132,1.0,1.0,1.0,1.0,-767.8591955039835,2308.5769965789978,-678.4244168555055,253.72334123420006,-8063.7438784085125,-1205.9972664618622,-9783.135265405914
-553.1953251371822,2777.4610404366895,-953.2896160555862,-531.1240587653344,2742.4016483913992,-996.6970399845477,-495.78638624554486,2698.942949302235,-1056.9997186512712,-475.51308204919343,2652.78475163369,-1132.767824880194,0.014135970206901653,0.014215677355963397,0.016827859773618538,872.186603815733,361.4048676561619,-779.5470966478493,1646.4806554902893,-2794.0579017467267,-3494.7729035035,0.8198204926635171,0.0,1.0,1.0,1.0,-552.0191631833683,2778.2649526670775,-948.2159047283658,1646.4806554902893,-2794.0579017467267,-3934.16039414733,-9674.885334193452
391.5663908049988,2793.4545352687455,-455.8236565989688,388.22880853480547,2710.748890804611,-476.02678918053033,366.6205840786826,2641.1570967125976,-488.51158436656743,367.22427396656803,2557.765234841517,-505.8712829211187,0.014188991001789497,0.013184370718849916,0.015434544732400819,45.45736600776149,107.33228730701966,-551.0545413420584,-673.3439032200636,-5156.077823121179,1615.1864971512732,0.4771920935469601,0.0,1.0,1.0,1.0,395.59619568219455,2788.4927553300317,-456.31059613036155,-673.3439032200636,-5156.077823121179,-866.2283086161084,-9810.83440198154
81.62030739566167,3009.0521307990457,-1082.0105287963543,97.8416575408291,2968.593291417958,-1094.6772573457804,109.39408722477428,2929.527915024421,-1107.0323379192519,124.81873547933448,2893.729216467233,-1128.4533282782472,0.015100605508840197,0.01415810425928679,0.015701029592474804,831.0958423013502,927.9652741065495,-1503.494847883112,978.2282209018964,-2715.0255803603,-2918.0375470596946,0.7200402606393987,0.0,2.0,1.0,1.0,82.75125331139702,3004.9598430821743,-1085.8107458028537,978.2282209018964,-2715.0255803603,-628.0407615098397,-9722.278258770813
-1004.7721368154064,1998.9673982476836,-729.6483895226215,-991.013148829059,1906.6814772407167,-742.8042553399113,-973.7775545726722,1801.0126872010958,-760.3370855051631,-963.297713811354,1704.0297794049222,-771.9494112813318,0.01477165730877185,0.016062802773933085,0.014312436384779068,-737.6240559933386,-83.5212565875089,-919.0823410453067,879.9940766800479,-6845.305360253531,2135.142711911775,0.25985310353251617,0.0,1.0,1.0,1.0,-1006.0222493807552,2004.2968782898204,-729.649083280789,879.9940766800479,-6845.305360253531,-880.5314016880437,-9986.750885073994
-379.5772895302045,2412.206673723505,-1109.7696911235514,-390.3679426845681,2348.250259117585,-1127.5088225122772,-393.62380378948916,2283.873541033457,-1069.0650540747247,-398.5563933389518,2202.3683858001446,-1006.7617187139078,0.013946570367334892,0.013848608037961134,0.01612167312081497,-542.0590695608505,-37.054448381203485,-144.998619176033,-311.46238292257937,-4749.593671562971,-480.2102720119144,0.4710831484738893,0.0,1.0,1.0,1.0,-381.65594235572087,2408.98629247373,-1112.0507133491406,-311.46238292257937,-4749.593671562971,-4368.199892854461,-9746.17970883821
780.8337286787927,2704.926813897176,-895.3928288998743,738.9464919208265,2649.6419055105416,-905.697274215903,703.2031770702766,2584.666602666033,-914.1843257563226,662.2177227823959,2524.895202009085,-922.190407102021,0.015629231005067933,0.015341344648296267,0.015632567559935123,-671.1433068576756,485.83340438091363,-1016.0240063202822,-2498.621716053606,-3828.098468249661,-1547.267900205224,0.5333968567867011,0.0,1.0,1.0,1.0,778.0572884534176,2706.1305159657186,-899.6690459304622,-2498.621716053606,-3828.098468249661,-276.1342683144454,-9962.239439784016
377.2569281986984,2671.5827583791192,-1130.2227039081065,394.0404046429592,2580.582531734075,-1125.639177667827,408.79557799351534,2507.3119427983356,-1089.5799462198358,427.2935418009399,2429.1270265524204,-1045.098382351612,0.016977579415775827,0.01585758847781631,0.015085547426289377,813.7587650754064,160.2134519494315,-951.2052490518441,869.4319253067165,-5073.242355620358,-1971.956120330307,0.4470792846801188,0.0,1.0,1.0,1.0,383.38996204858427,2671.468417981513,-1132.167293955748,869.4319253067165,-5073.242355620358,-2723.661120668162,-9751.164579041439
-424.9494985230346,3073.2245212523094,-1130.2180769637173,-409.2857469421036,3041.1421570657044,-1106.1887944782782,-397.9984904628695,2999.501355063851,-1042.2206300059136,-389.14232269298964,2951.917759539692,-988.8129690908738,0.01267091062346883,0.016132743827763384,0.015098716742991389,277.9974625795975,322.1985031987316,-654.7589268471588,698.421757244689,-2768.2774171221417,2771.0373580506457,0.9510976288057772,0.0,2.0,1.0,1.0,-416.93218587886884,3076.634533235257,-1133.9607511304312,698.421757244689,-2768.2774171221417,-4137.577281114992,-9849.627889434163
924.1445031185617,3032.134830336944,-1064.1846058641204,921.3113923092434,2994.7704608139106,-1099.4180308546227,911.6947436468197,2969.281019709151,-1133.5747735612722,900.9169855964539,2941.971424316259,-1122.525963689762,0.015301474037916825,0.012521862080927844,0.01876690242228763,239.4201251388999,850.7763347956139,-1421.3304087855013,-597.2281231605584,-1893.8627235899974,-3399.7617103575776,1.1034097614588652,0.0,2.0,1.0,1.0,926.2324667735461,3028.7184669241096,-1068.486932423179,-597.2281231605584,-1893.8627235899974,-2157.2632559788995,-9785.19233011622
-897.6494895538364,2951.602865662524,-836.7110673935291,-858.9977065618581,2893.883100300419,-902.9917037600773,-816.9039085917012,2820.9671114167845,-972.0266065690472,-781.3460909629605,2755.4937786638206,-1054.3785649092847,0.01545615420881798,0.017684793323790512,0.01818593336125135,761.3896113272436,154.7637990670127,-145.31575587181632,2337.095676265936,-3942.347884460541,-1599.5442706187364,0.6586731191061407,0.0,1.0,1.0,1.0,-897.9483188215688,2953.830797034005,-838.4889749558417,2337.095676265936,-3942.347884460541,-4040.896516550441,-9932.503137473472
319.10544943678264,2813.9202119187908,-848.8989725464886,328.1649333763245,2765.102474106408,-848.7667338282856,333.56563631326355,2722.9522068027413,-857.8512711167722,327.4850757505779,2671.3791701848695,-864.8427014914162,0.014493324725905896,0.016388252489127498,0.014469337960937148,486.82417331633377,39.75433351480976,-858.7935142561469,176.27477338015595,-3032.7377918858538,549.1745109093736,0.8696490848240301,1.0,2.0,1.0,1.0,325.53275567348965,2814.7094130903615,-846.4081772336676,176.27477338015595,-3032.7377918858538,-236.36704865073074,-9947.456373580824
974.0897408973176,2420.7697867014235,-844.9212065731363,944.3932241994579,2326.2703036685257,-875.3446703354623,903.1955866510976,2214.6534169078304,-910.0588112298542,862.4780924641296,2091.7515826212352,-942.5471810662053,0.01435196161028059,0.015758937967042037,0.0174497420506928,92.85254272243897,-13.082201094706235,-726.4151992526862,-2531.1278645832563,-6957.90919742536,771.1327860216506,0.30243935837198477,0.0,1.0,1.0,1.0,978.7472953265781,2422.18601800417,-853.1827627401082,-2531.1278645832563,-6957.90919742536,-1762.3263841243797,-9904.466432235771
665.3055425889427,2524.687104860019,-581.4908718771248,642.5037007593056,2461.9230918951753,-622.3690225444118,603.4263863640127,2394.2938177670735,-655.9792057141823,576.8761087513017,2343.923728234017,-690.693895669646,0.014446249531382417,0.014700065740304764,0.012581297731367895,-454.01687579174285,359.8247466868211,-295.0234394031393,-2181.645058750671,-4199.782672689268,842.7903634395116,0.4732723869969453,0.0,1.0,1.0,1.0,669.5303294648525,2522.7128231217894,-576.3500421520976,-2181.645058750671,-4199.782672689268,-2483.3475332210755,-9697.176613023654
-585.3436994908878,2969.754572259457,-560.7011891011376,-529.2390809654443,2890.730408509374,-608.580000101437,-474.4855548782172,2829.403309698363,-648.1274641281368,-426.1809941724605,2757.022363648635,-696.8207506849077,0.017977854828395607,0.013564797445267115,0.01659112241541439,958.2114603336644,875.5337639796612,-318.64993972833315,3281.295574168895,-4458.239805676304,1321.850207205628,0.4218662253109232,0.0,1.0,1.0,1.0,-583.9974595257158,2970.9064726475194,-557.2541929434418,3281.295574168895,-4458.239805676304,-2554.0713431027825,-10007.058903384763
572.2934993013192,2426.930319993283,-568.8971243014591,506.6459944826381,2366.07455938128,-562.5738326141451,461.2463029946802,2319.297086566696,-557.9547180556942,404.2843991683395,2268.4758025456067,-562.588607818661,0.01788494195098592,0.013020189030041165,0.014819765231934824,-989.187312501611,929.9782334554889,-1044.2664705308523,-3775.5835346110025,-3618.879963940818,3078.1997151183273,0.3692751037870384,0.0,1.0,1.0,1.0,577.6798543619548,2431.8134184909213,-566.1519462434865,-3775.5835346110025,-3618.879963940818,340.4753135257254,-9788.424298484373
647.8202252640833,2280.570500591562,-953.7859358475739,608.4738352596333,2226.4108852297018,-991.1238991504135,565.996527638892,2156.0883891160574,-1019.608750376101,523.7626192049505,2079.707604314698,-1064.8694087212534,0.011717005795844383,0.01534095878238303,0.015126001778424998,-510.43774206605207,281.02001228493407,-735.2813834007383,-2813.9488495215337,-4889.8051759103255,-385.0565224728504,0.36781603364334786,0.0,1.0,1.0,1.0,643.2812862377771,2285.840134408165,-958.8459244179742,-2813.9488495215337,-4889.8051759103255,-2127.343158546318,-9788.64513157406
11.098405988443709,2706.4129449110287,-872.2447481261886,42.759224984622776,2613.13629190134,-899.4081969844998,80.76425236045846,2517.50088590966,-927.4106447160053,107.84278055050069,2433.362901598658,-954.5084903432733,0.017198868618345003,0.01719309695017228,0.01684681129867003,907.5214105842307,323.9959052845013,-796.8604817525121,1969.907583981104,-5216.355491921746,-429.8060670705987,0.403761223132813,0.0,1.0,1.0,1.0,11.213459872828707,2697.4376541088986,-874.1687137164764,1969.907583981104,-5216.355491921746,-1304.8665007151849,-9815.244221227775
-13.93703458446305,2011.6851910092169,-906.7688308224581,-50.68966359943943,1857.8911306250939,-914.1792979321842,-90.67408266828322,1703.1578725995132,-915.4061942834608,-124.67626735265878,1571.253696446873,-922.2491504021602,0.01729998017562975,0.017073387320749873,0.014107251065001658,-493.31704829050517,175.49920111951377,-1131.0817101600855,-2419.88919733967,-9181.368713004309,-2096.3982136077534,0.15151938143861882,0.0,0.0,0.0,1.0,-9.339208822570981,2011.7729437203745,-906.9468815769807,-2419.88919733967,-9181.368713004309,-144.95007222328155,-9757.240706922365
-610.0618431366877,2050.7338373625034,-1068.00599157689,-555.1549477007416,1986.268690118005,-1137.3756865951698,-483.47881090898426,1913.1916129933186,-1092.6383833442744,-425.64671058091074,1840.2825733735472,-1021.7597844222215,0.0161358478683849,0.017456241424241275,0.01702475279077513,559.6096221562907,713.4292569076077,-263.00581682409984,3720.932618382163,-4265.309687146072,1542.2382037408922,0.2643831579165989,0.0,1.0,1.0,1.0,-612.4841526340906,2057.001808358617,-1066.6625589290309,3720.932618382163,-4265.309687146072,-4271.083206236942,-9869.477162414265
259.2851450422202,2737.87720402517,-710.7910127447935,266.3191109793428,2688.596647360051,-717.7643512705797,264.43523444560844,2654.8764282169723,-722.3250804702539,270.6406575231498,2597.7681696019686,-736.7467768490349,0.013790538873051008,0.012774914248451466,0.01603002868409469,415.22153878422796,-44.18584265389751,-992.1274151198447,168.0265845631731,-2986.6901592270196,2355.185819217781,0.8874045181944036,1.0,2.0,1.0,1.0,258.95681514047374,2733.436005427234,-714.2575412500779,168.0265845631731,-2986.6901592270196,-247.85433261546356,-9871.68491640317
575.7382408723435,2887.6470844039573,-1134.0975998576853,527.2579335441019,2840.5740785126254,-1113.9107374061139,473.27735991741486,2783.5766056271063,-1048.3956258145727,432.49434856293976,2731.0803874420103,-1006.3666810432995,0.015154660639467219,0.017147358531450798,0.012935932540625764,-1200.032839943366,873.5397872821311,-501.8074670502444,-3082.040565568846,-3512.985371056805,-1659.843798390771,0.5297620482884566,0.0,1.0,1.0,1.0,572.1404852587204,2893.5063756397867,-1128.2356385380049,-3082.040565568846,-3512.985371056805,-3883.2418198049445,-9836.863939274059
632.0547586802404,2284.5492883633797,-930.3551912446247,615.8435588512268,2204.1215173315295,-954.830388735834,596.1204940712829,2131.8871106918136,-980.4943549048552,577.7221059594469,2051.472034624876,-1007.643716034335,0.01445917786967177,0.013269023127497828,0.013877234733903492,72.26785030669635,-251.89237093574627,-802.936540866734,-1235.0217196767624,-5586.290157967894,-748.4846166443907,0.4133945642689272,1.0,1.0,1.0,1.0,634.2027327596224,2289.8696509396477,-926.1449481529688,-1235.0217196767624,-5586.290157967894,-1724.1050815202286,-9787.78480525622
859.688025489677,2650.451177012547,-1045.597301693431,834.4783898893464,2601.4928892887447,-1062.5979915643495,818.4126430470996,2550.510134394939,-1073.5144157615787,793.4426996582778,2489.954027331445,-1086.6226265654066,0.015646746326381373,0.015611269940618086,0.013887895665786236,-129.61906239230368,125.66665063769415,-1095.069175626195,-1411.3078051181346,-3612.3929228605452,-1190.6786250039122,0.6548540880672148,0.0,2.0,1.0,1.0,858.2964011903925,2654.3416966400755,-1045.712295226253,-1411.3078051181346,-3612.3929228605452,-672.6431579176575,-9789.49393568371
901.3020653684956,3180.1122142562635,-1150.2674884542027,913.0777879490615,3132.825847331064,-1128.9597381392568,913.0504513260812,3085.8866878448052,-1106.1777509782967,921.7922141613315,3042.434273200983,-1096.6954206052262,0.01550482144561348,0.01631601383212685,0.015024095720913844,1200.2327664910385,614.9734152525148,-1393.960322242902,317.8476064051025,-2740.678087542948,-2557.8909944042675,0.8881550690013466,0.0,2.0,1.0,1.0,903.045254502259,3177.5074271051803,-1142.3036958888524,317.8476064051025,-2740.678087542948,1269.8823498480187,-9797.244443366999
-517.7603663737283,2838.4086759846464,-460.017226684649,-528.1470970166629,2807.270368145189,-497.76706248346886,-544.0869298374498,2776.3923017338307,-536.9250589614195,-559.9661214725626,2742.4099565582924,-590.9660952853482,0.012907140556579915,0.01573034093806395,0.01589698297608813,-1569.0004386099,651.6612004981166,-849.1832107091641,-1004.309721951389,-2084.8984450128664,-3790.3188071182367,1.0054655355292677,0.0,1.0,1.0,1.0,-514.4752305609375,2840.8045677616115,-459.62116602999936,-1004.309721951389,-2084.8984450128664,-2611.6942836662647,-9684.959934762279
-533.7931354395602,2535.0350433707194,-872.5303500660672,-525.3353709325722,2441.8383493807373,-897.1261411477782,-518.3763855642715,2360.612434571504,-931.489774191835,-506.1924801829613,2257.1464387133396,-968.2709133015326,0.01662726305451909,0.012942244256530486,0.016579606086247606,-278.8061396361406,-40.50495689301579,-685.4457816952221,595.5083339711938,-5986.084829733204,-107.33984098094584,0.38385088660270306,0.0,1.0,1.0,1.0,-534.8747232437529,2533.5115198922676,-874.889618082073,595.5083339711938,-5986.084829733204,-1933.114873147677,-9831.314496822228
-498.8272856275051,2596.544406590041,-1086.4771353504154,-446.0261356339577,2532.0163324161003,-1087.7747564089652,-395.22066933895724,2465.6500106344924,-1088.6666451163157,-337.652445710943,2397.199631477841,-1090.342111762498,0.015043428635457736,0.013784830013473677,0.0182222889883075,957.3480878996238,746.967797364214,-1088.7017983605251,3344.834677448526,-4249.000646367142,167.35028719698948,0.38794945236276135,0.0,2.0,1.0,1.0,-497.65499679048537,2595.283078533916,-1087.248763737022,3344.834677448526,-4249.000646367142,4.104442360414566,-9966.000464831497
-799.6921792170147,2251.3391520208747,-626.9035759889883,-751.9902646964233,2183.3674159602356,-648.2279393972817,-706.0712083913864,2129.374536964245,-663.0828148123221,-653.8219114771651,2063.453838511721,-686.9991999925611,0.015139670898438483,0.013691615623028725,0.015159656801569187,556.5439731919197,517.2290647089842,-722.912393449233,3306.525871963544,-4226.28612712557,1695.1749942678298,0.3660090566769639,0.0,1.0,1.0,1.0,-799.1316343131347,2250.0063768304653,-627.7623891188123,3306.525871963544,-4226.28612712557,-1014.7361208990899,-9689.856461312482
-397.42492513547745,2943.5143567251675,-610.0498614276523,-358.69536411985285,2889.27205708064,-628.0516520364006,-299.64465875294576,2821.940909463074,-647.9295378121022,-248.8968444051262,2755.1471293994828,-674.9153392951474,0.013216243173675953,0.0175446744018958,0.017288852212296223,1144.1247761426227,944.9694483574722,-599.6565500124611,3045.819687012784,-3962.6768749930493,836.2671743956334,0.4569502302121324,0.0,1.0,1.0,1.0,-394.0141657988346,2946.121270228953,-615.410318447146,3045.819687012784,-3962.6768749930493,-1003.6867256615993,-9764.091523662886
-740.4391805459652,2407.5095535256964,-753.6465814556996,-696.4594106886353,2331.330396271391,-757.3277471424777,-640.0221105207286,2257.086719501705,-755.9548899133988,-597.4217519790203,2193.719159739428,-762.5299537814016,0.014453988914852573,0.014921627568581555,0.013961053747133557,609.9983905664412,424.3081212707823,-892.9539606872914,3292.487092131526,-4812.684889412377,1649.3194199652191,0.36666332976943256,0.0,1.0,1.0,1.0,-739.9213172074835,2397.508925929856,-754.6868464381366,3292.487092131526,-4812.684889412377,92.98149160671795,-9807.251455301728
1061.6195213643375,2533.9835067827544,-538.0812075536284,1048.7896087403221,2467.025375834354,-606.6733144793952,1033.7178004226075,2383.4928079916103,-684.52398535458,1028.8787485207638,2312.854172075529,-754.0080079223966,0.015293799630183343,0.015330351994451425,0.014066149046953115,766.7010724276101,466.8066828967558,124.03856798002374,-694.824161212646,-4859.1789999524235,2702.2132919862356,0.3803096993284124,0.0,1.0,1.0,1.0,1062.0013409429807,2531.9577578765334,-539.9677755960513,-694.824161212646,-4859.1789999524235,-4495.207881944839,-9717.398159224771
276.29427635417983,2443.4701145472404,-906.99240045487,286.58735665083685,2355.6568108510946,-942.8219662091814,294.3138725599218,2285.6273007208397,-971.614362515309,312.9475020118793,2202.529987051628,-1007.1429626220341,0.017072259239208777,0.012512271860285019,0.015040821301511763,674.1410933775993,107.77671358130499,-732.1694516484537,919.0167499068876,-5310.961980386777,-428.1711289684993,0.3953746475989947,0.0,1.0,1.0,1.0,269.7737234185711,2444.5999849514847,-908.9716247813556,919.0167499068876,-5310.961980386777,-1909.5028554992252,-9792.31188105846
-632.4626473845345,2061.322212640076,-525.3459271262037,-638.9309171945255,1943.936306813027,-525.9055463940655,-633.0073712746201,1831.645884396221,-516.370621669283,-635.1453022616312,1685.151578024103,-520.9643709060316,0.014084262381340537,0.012381587059168142,0.01733783721564249,-670.2178332503702,-20.708712193207504,-735.8232786962927,-167.92746730040594,-8329.466164532363,-2072.4730839133704,0.20619631334384894,0.0,0.0,0.0,1.0,-628.2359664252676,2061.6578289398844,-529.1198692407143,-167.92746730040594,-8329.466164532363,418.8458082687463,-9965.275568728463
-912.6515920445349,2467.7131906888967,-1098.2406612028292,-851.2138892750746,2402.1600667302478,-1145.1303101759524,-776.7851049680764,2326.1781780997862,-1082.2662108158536,-706.2124865070737,2259.6543090595233,-1037.0192451876965,0.015285705157754252,0.01670252184687182,0.014907204271729826,766.1558309278842,799.7337635034752,-401.5144470167338,4496.873474726419,-4438.725051482593,306.5450779241496,0.3281045687236443,0.0,1.0,1.0,1.0,-920.1717220945214,2464.2556578094473,-1094.545875717174,4496.873474726419,-4438.725051482593,-3707.8196664788607,-9850.84571533243
1034.0568737547246,2138.428912151396,-575.8880910271382,1008.6621578035173,2079.228471279687,-571.3277907074915,962.662201524508,2012.8677565690077,-581.2400979686469,927.1215580598335,1956.0167800853803,-591.6402930137901,0.013998138409118783,0.014674871233402699,0.01624422723805298,-56.89543411354634,409.96009639878275,-809.9059668665201,-2491.399558070088,-3920.928016761927,2189.7466061692717,0.3950827631194258,1.0,1.0,1.0,1.0,1039.3203714372926,2135.168423774034,-569.2472428778481,-2491.399558070088,-3920.928016761927,-270.6054233647096,-9811.312167227425
1042.7146608703151,2276.202858309319,-1014.3001053538063,1022.1728002147998,2226.9658365554887,-1026.7130759352701,978.9077719968495,2159.209290210512,-1045.8965947671072,945.0892290937425,2105.445511268624,-1067.5029563920789,0.014607161854168058,0.015714719161738867,0.014393560147980083,-202.5662381779649,83.43663421141027,-1015.6540562336177,-2186.7738122377586,-3844.677220137945,908.4351215975872,0.5252845588361134,1.0,2.0,1.0,1.0,1043.8948347975588,2274.9026496900447,-1018.0961059689489,-2186.7738122377586,-3844.677220137945,-935.0707037756437,-9889.631273150657
179.4522437710055,2360.305558965337,-664.261591189067,184.30519399551494,2247.647599789924,-691.4105066190394,178.74411955611555,2116.688320251615,-720.2851798093083,180.25591388863282,1991.6559696706786,-756.3929680935947,0.014135423154697941,0.014646315745227144,0.01546332554426666,182.70558234510503,46.67049016043852,-815.9705491204644,-1.4449831231387336,-7974.247668951281,2513.7294741641294,0.2457549355558084,1.0,1.0,1.0,1.0,183.1246274508153,2359.202314156311,-662.6484367190496,-1.4449831231387336,-7974.247668951281,-1813.0291501956076,-9887.53241107308
769.3287437569636,2877.5208330249834,-786.4471236912489,722.8935148208008,2834.8321445348874,-844.2142460332485,671.7059332049403,2789.118203666679,-898.5984180437488,618.245875196374,2752.943673173939,-965.2170956949384,0.0146463475738702,0.012844393147831219,0.014900052749374643,-960.3403125608057,1379.9193681952934,-39.41127463974725,-3689.5118391881156,-3192.334174600027,964.4655426415284,0.42760920652892426,0.0,1.0,1.0,1.0,773.7302518576091,2880.3164302573036,-786.9124382129098,-3689.5118391881156,-3192.334174600027,-3960.694586759415,-9870.45269240188
-78.46743745676254,2486.7559450275717,-1070.4987963531462,-98.17795685755249,2432.0832276870397,-1125.0015651670626,-117.5652121495981,2383.7322651699396,-1104.1485291738982,-142.7288050549896,2334.9274290141716,-1048.2076653608426,0.013126040183199484,0.016225364366827706,0.014081924845763868,-1027.0349678551738,130.1984149876069,-476.53629387396074,-1363.395822828262,-3389.203686677377,-2316.0932133554056,0.6515666706042095,0.0,1.0,1.0,1.0,-79.4748709895324,2485.694977228386,-1067.1260948499098,-1363.395822828262,-3389.203686677377,-4118.509354147009,-9818.789050478845
-436.4728298254385,2645.0357407979263,-794.7656280945986,-390.4426590174765,2585.881129453684,-814.5729421405542,-338.47665333960225,2505.9943754699134,-831.3294610495906,-279.6524679194603,2421.861263106559,-860.0088254143817,0.015001737730984033,0.01548301911496332,0.016015350357695742,947.8526664047976,671.1410006909426,-757.9157992591117,3379.7235748538624,-4817.465679062917,551.1863100237458,0.36349989279635714,0.0,1.0,1.0,1.0,-437.8339992852866,2646.301929106744,-801.2438201180964,3379.7235748538624,-4817.465679062917,-1077.4732219511475,-9885.140229912444
-351.51172505137805,2153.8486336831834,-834.7313373174534,-309.91217810147526,2062.0147004934684,-844.2861417470355,-279.3040610832788,1963.111949773011,-864.0750372460813,-238.71837363234494,1860.5817176744852,-883.9702209156975,0.014877830045916954,0.018353572337326738,0.017930437689569582,436.8319797492179,192.92542916023768,-879.0788196502219,2354.6824566410746,-5859.29956947133,1177.2524408881868,0.2838381599271869,1.0,1.0,1.0,1.0,-351.98664322554146,2155.7907849331355,-834.9768874372655,2354.6824566410746,-5859.29956947133,-723.9757604598651,-9773.56392009035
156.13148487241065,2491.0412426810794,-758.9455065723986,136.69127915890147,2428.363211114858,-832.2220796287496,122.15459375760673,2362.337764209782,-903.2562959458959,97.83223426057432,2303.1585089605796,-979.5550692831372,0.0145045427372181,0.016618999423160957,0.014530971764917688,-399.7877934704284,461.5095980581971,197.87721639328825,-1148.1579689446307,-4224.445856323759,1374.947954861792,0.4343454860747036,0.0,1.0,1.0,1.0,151.328031622995,2489.243609093598,-758.4782728224889,-1148.1579689446307,-4224.445856323759,-4568.068155248603,-9921.203089752098
-223.1576234589313,2457.270093655586,-979.2113885526709,-195.36543443392495,2374.641155282326,-1044.1284614059564,-167.8837695492555,2288.607713285765,-1109.4786951746653,-134.07904178657517,2203.689575833977,-1113.089069973546,0.015269986209228576,0.014224906890931973,0.015417031689396545,484.79288605005684,346.50284927242865,-99.30380163665296,1806.7137180480938,-5399.5037614548855,1234.0004977506276,0.34508807521044316,0.0,1.0,1.0,1.0,-219.82546398869943,2452.3093162398354,-978.5532872665658,1806.7137180480938,-5399.5037614548855,-4360.929208822829,-9948.450196314505
401.28010414202134,2632.7346861048177,-879.6709077573893,405.620468895437,2532.5510935826223,-883.0202241163988,404.5729627693541,2457.073565902247,-876.3880679178022,415.55694234513805,2370.0992649241557,-896.6882072605599,0.017497564020052675,0.014538835116770427,0.0148484979877515,582.7383645763863,49.26088658940461,-878.446601969529,399.20859881660635,-5677.586085604035,16.80687110268356,0.4081151028754257,1.0,1.0,1.0,1.0,401.09845211482957,2632.5625555392417,-879.2351824421656,399.20859881660635,-5677.586085604035,-128.16764286416804,-9875.167074831657
-861.9933111482759,3040.499263612954,-1027.3182700990217,-846.5039811748352,2983.743310406633,-1083.2363507362604,-821.7214544650719,2914.433603965294,-1138.797346906075,-797.3144292278698,2851.398537932997,-1092.7767751737765,0.014505067006889076,0.01622941054369046,0.016654198423983912,170.99236815006753,74.84488103816858,-907.648097441947,1362.6776843101154,-3898.534628127737,-3252.0191131018714,0.7126113240254371,1.0,1.0,1.0,1.0,-864.6426719256218,3037.731198415245,-1028.2555137587583,1362.6776843101154,-3898.534628127737,-3599.2484584834265,-9859.899501170077
28.708496293737536,2280.9505370307465,-1059.226480717492,-4.597738372715087,2214.8011083626884,-1112.2424124621436,-47.04342809938264,2156.0909097099657,-1130.7273162342517,-84.21306098787382,2093.827017738296,-1087.2172675786728,0.015847386219393782,0.018133059728159307,0.014747936399052093,-1022.982436038065,583.4150728701222,-549.1437364085385,-2365.9210171250656,-3807.303044589909,-597.4873426756344,0.3962716176533951,0.0,1.0,1.0,1.0,29.852416582587693,2277.664927712628,-1056.0850465972098,-2365.9210171250656,-3807.303044589909,-3207.749532797642,-9796.12839799203
126.11895594798352,2306.8723841036617,-727.4994072054851,158.4300658957404,2212.7799822964953,-759.3908020431154,185.76403259285263,2137.8351240398547,-785.7660880012146,213.57434630560675,2054.4319458574723,-818.7350372284224,0.016550223868889383,0.015284228404336051,0.014066345605764738,837.5106305513013,344.0021649643189,-702.9380120455994,1980.0770848383545,-5453.590435301129,1431.1244854155473,0.31409920212101006,0.0,1.0,1.0,1.0,124.68288000949406,2307.2947216727243,-733.0315546976499,1980.0770848383545,-5453.590435301129,-1623.6677024596652,-9771.38416406576
668.3583771145612,2358.725487698581,-616.4091197644325,652.4263817256467,2252.0138819800695,-641.4722929356824,644.451182960645,2150.7097759997837,-655.0739865870131,631.5764045146636,2041.034861961163,-675.8579981758394,0.015508437998470584,0.013709781433011391,0.01422066956550757,385.3883336405665,-31.53287557365845,-905.2551749589045,-874.0982033896375,-7349.602585524367,2564.81007869854,0.2815611110030106,1.0,1.0,1.0,1.0,669.4702497421993,2357.087964721762,-620.1146521195147,-874.0982033896375,-7349.602585524367,-1008.2893108117726,-9753.425878236212
-746.0052917387245,3217.5137684005495,-716.4342028021796,-686.0069099948223,3173.576984628073,-716.1884718984713,-608.6221060519174,3132.847539635204,-709.5007588048021,-547.0797902001431,3098.7944200515917,-708.8105285552307,0.014686873956367119,0.017381123992051994,0.013456714090192237,1217.8546932938955,2037.5631519690378,-877.9008704326886,4375.428193244104,-2617.9918427160346,1803.6934650611745,0.40447528796138893,0.0,1.0,1.0,1.0,-751.0879936659514,3215.6594811912546,-718.3778318810027,4375.428193244104,-2617.9918427160346,351.0930226193998,-9810.899895646666
181.45289080213036,2413.9460454848777,-662.5314429246654,162.46032875036468,2333.9362596597816,-665.7724813435001,134.1769981760836,2246.7199525046317,-675.6641252276618,111.1120592664503,2165.795178264667,-687.2813782338638,0.013416957735807344,0.014223600129451227,0.012781856811205281,-487.5449212928102,150.74682099511529,-898.6856894048291,-1799.6157627605576,-6037.315447819382,2188.5537188466533,0.3345775853235364,1.0,1.0,1.0,1.0,187.31098974239922,2414.7401139273875,-662.6423928093527,-1799.6157627605576,-6037.315447819382,-359.6531056743093,-9872.08438254097
-523.4878337646883,2649.7281983778907,-920.5894663117975,-488.60922702086424,2599.409096550323,-965.7990332381383,-464.7858273989274,2531.4794488847106,-1004.8220348718227,-446.7767563943727,2474.3604398152434,-1050.8689962917392,0.015311384972774119,0.017905535979240314,0.016423781701166665,480.4392628640988,319.26165647515245,-1013.9480805824536,1509.8401599222686,-3525.0947894378464,-2616.451167601038,0.6103592973468194,1.0,1.0,1.0,1.0,-516.0552426845996,2645.8242175041296,-926.4215801055814,1509.8401599222686,-3525.0947894378464,-2261.0133802483483,-9906.02433557537
197.07864540455668,2261.6648005788115,-627.8973006381698,212.74109855822604,2187.9570790395614,-709.3276982542998,240.86639003237852,2131.996562323194,-784.8993458997496,263.74818447301465,2066.3525759878344,-865.9465772177931,0.016400748868933335,0.018166872463805345,0.015459013979240606,629.074203228725,841.2782285472347,-14.280575317515618,1129.263765677506,-3729.0340600121,2767.8985995838257,0.32997336468802096,0.0,1.0,1.0,1.0,199.9539722712741,2258.3111713518306,-628.7674995377902,1129.263765677506,-3729.0340600121,-4454.760837050947,-9913.631425989628
286.3905962959761,2434.655659900836,-500.96776603924576,272.98597562521076,2347.971327068617,-480.3545328934052,258.3393938389785,2233.240440406123,-449.13484654451446,237.40685172796873,2145.6998538741072,-441.87570576054765,0.014882590953309769,0.01567580941627364,0.01412895989607774,-139.37742210111156,-67.91670152977414,-598.2991513442237,-1082.0320751111456,-6333.042597356808,-2196.7740907391644,0.35031263973433907,0.0,0.0,0.0,1.0,288.0252475677912,2433.6351244261655,-503.7437314246574,-1082.0320751111456,-6333.042597356808,1718.0124708932701,-9910.85205476566
233.92588409021374,2727.3254764749568,-961.8896070085462,195.13968050838687,2688.4224154864332,-961.0334364173182,153.80879131651014,2642.312719671543,-955.0920511117785,114.69252144889691,2587.793349885512,-954.1521512984315,0.015649497172438964,0.016399919523862654,0.0169060684601025,-1180.997822296414,1097.112174891734,-1051.3569050900842,-2463.973937272866,-2842.32691665309,-1358.5004006084475,0.5260445148435963,0.0,1.0,1.0,1.0,235.78719163548453,2731.450151967272,-963.6302318325821,-2463.973937272866,-2842.32691665309,364.42459265963225,-9764.626652235209
366.7127470794299,2294.6174869042784,-960.164873812374,354.2598643470013,2233.7882004303597,-999.5390748823671,321.7693685341075,2164.3778702211166,-1045.4030637675532,300.9541328772437,2086.0014575174728,-1098.8914409315773,0.014068508291295105,0.015586274842886308,0.017953009530474663,-424.98178466062865,88.77530286781484,-646.0474950117091,-1525.5854574803523,-4236.574232472951,-1115.245594111123,0.47239220733534426,0.0,1.0,1.0,1.0,368.3226532291544,2291.793903753752,-959.7548163264798,-1525.5854574803523,-4236.574232472951,-2710.069537191475,-9722.71022864492
-664.1459245363229,2372.0439618968935,-1097.2375575530534,-610.5601917914754,2318.1619533384505,-1098.4748176993842,-552.627252634753,2270.0823997046964,-1093.2097736444668,-507.8361660957367,2224.7206824460545,-1091.3771382905875,0.01558579794394005,0.016207116035658223,0.013711716562545433,884.5144340877524,903.0483624679805,-1100.4949188186617,3486.4484980140337,-3299.383693773072,455.0021395027262,0.3994953694578566,0.0,2.0,1.0,1.0,-666.9551475284925,2371.2741061969896,-1101.5766403793077,3486.4484980140337,-3299.383693773072,478.5395286920362,-9912.811701564253
-1006.2996550322997,2656.876738621422,-664.0915208204639,-968.0521489660287,2578.705713171367,-739.9000575766388,-933.4095458729406,2492.1359823055736,-816.0330127986022,-909.9573404526489,2416.9580066265016,-906.3045247890428,0.017629363529864203,0.016993659882184875,0.016910711470070748,-99.09735679615596,351.91977848863365,239.6007723346694,1849.6614637452778,-4709.267351764167,1642.3870608051932,0.4384662651178805,0.0,1.0,1.0,1.0,-1005.4314740313406,2659.4607808530786,-660.7944809036467,1849.6614637452778,-4709.267351764167,-4499.546701485333,-9744.591741594708
-32.77459887512465,2511.8443520542787,-1071.106372741291,-62.433786264045054,2441.9617830261986,-1141.189880345048,-91.78883764391973,2356.1840903734,-1092.2874739176966,-122.0140541873345,2276.7617413215758,-1033.316313480157,0.014739334872243867,0.017674217538727725,0.015312456671381529,-853.8395528255143,350.62462880481365,-188.6920824641,-1819.559533240746,-4801.178781351732,115.35809515354396,0.40227399091764715,0.0,1.0,1.0,1.0,-35.03776286717766,2511.1550804130925,-1072.2537855693279,-1819.559533240746,-4801.178781351732,-4162.459283596507,-9796.851929638602
-659.7400454114821,2934.9830633359957,-485.58596561250096,-598.3079862986094,2895.565489758748,-508.2451904282847,-538.2298392813158,2862.0453600307906,-538.1593654807576,-480.059206040988,2828.321502657354,-562.2284855682531,0.016466944504256127,0.015243262511774634,0.014457836277018393,994.6222886790259,1970.5403551859795,-616.4830641491675,4038.944221265214,-2346.083723576518,2287.599460758259,0.3638319567069511,0.0,1.0,1.0,1.0,-661.344842039711,2932.434681852353,-484.66046479480224,4038.944221265214,-2346.083723576518,-1638.2943553929267,-9670.496721741652
1060.2952014454042,2876.7418010769857,-1117.4090306858418,984.7256655334029,2836.7849036721536,-1116.0851415656973,918.1828357835702,2806.9232824281003,-1044.5307211863262,852.6536831290633,2771.796696804434,-987.9040503657882,0.016352762192018266,0.014681911236027991,0.01272004719714923,-823.997921376539,1962.7679944626811,-105.48202476202741,-4713.104719563349,-2278.8214462330375,736.4850659798165,0.35624527937480477,0.0,1.0,1.0,1.0,1061.2439664488015,2874.296572955882,-1117.5853586904984,-4713.104719563349,-2278.8214462330375,-4515.308822892468,-9803.844550302672
-339.46224335167034,3010.370916816715,-1039.2626024259996,-326.65309294681,2982.269291743131,-1037.6056904992308,-308.2529181142355,2946.648098546561,-1027.5418988144556,-299.18758144355945,2920.7953544794336,-1028.6348839035227,0.013075263185384966,0.013328923981135513,0.01300338337731597,643.9728398748175,1024.5597746518781,-1420.4644525693438,1008.9000649095367,-2034.610464136702,-2787.1467929504997,0.9355924294561643,0.0,2.0,1.0,1.0,-339.7047234119814,3008.3049771851606,-1040.4189406980652,1008.9000649095367,-2034.610464136702,536.7304599585196,-9842.423965754444
882.4406634445555,2531.0239921741854,-478.05165596455373,883.1385486271236,2455.1842895041164,-504.91986464580276,879.5050921346411,2399.718877780641,-522.9931783351293,878.1535335635441,2340.035738716025,-548.1349284551122,0.01846669311402015,0.015423204803061752,0.014173780415701678,810.7249859029112,38.338312724514935,-424.1700135045872,-118.99752960753709,-4120.767740181942,495.55511366541214,0.5569363216672168,0.0,1.0,1.0,1.0,882.7184913154679,2531.4027955345973,-482.7522062675695,-118.99752960753709,-4120.767740181942,-1182.0753799599115,-9824.866152064573
-428.3556980348898,2241.2996125136597,-723.5908667120952,-448.1202181759206,2139.475023893937,-704.7322136543784,-468.83870977156937,2025.8222305360712,-694.9836447399176,-488.50592952812127,1924.4128081443173,-677.1221685310356,0.013581023684611757,0.015002758023304152,0.013461330547799594,-846.5171476012375,145.49969664013872,-808.7462826280432,-1475.3725945082756,-7355.104920107319,-1717.3811236362817,0.24295488774428464,0.0,0.0,0.0,1.0,-426.03595816637755,2241.704598870724,-716.7179201018307,-1475.3725945082756,-7355.104920107319,1071.568053276907,-9785.786585660313
-1062.5,1978.1142898917628,-460.2871974893469,-1002.4865468029645,1879.9047349701543,-521.8264109317208,-933.5871903838258,1760.878440991417,-603.935576027075,-852.9096930822896,1627.68190215485,-685.1333614694993,0.013514308602279609,0.013852151885813048,0.01648973169159765,-17.29553212517193,210.8973489213006,-602.7578936440801,4741.34309894201,-8066.912030810679,5254.873317638715,0.1761438078203098,0.0,1.0,1.0,1.0,-1060.3910138924136,1985.6179956996505,-457.1339091257556,4741.34309894201,-8066.912030810679,-4977.3027992013585,-9752.720691275053
239.5990395472552,2114.07152685091,-576.3412830826467,245.63461976649728,1994.5111677360712,-587.286928305485,263.47799696085855,1865.6548294787558,-594.9979975317276,273.3306535979678,1754.4849625374918,-609.7222826068281,0.01696409020231546,0.015873415879721606,0.015789338125287794,436.7622236831116,178.25289663385135,-1018.4371819166053,765.8873329723549,-7281.601262542684,-2928.4504442617913,0.21637315579267527,1.0,0.0,0.0,1.0,233.80208044543815,2107.8772312076644,-579.290049196921,765.8873329723549,-7281.601262542684,-385.86753852825586,-9594.652474466171
-959.6094469145369,1965.657776619608,-817.291589769207,-912.1771151013894,1878.65992566517,-882.4123757248796,-861.9244340808624,1796.8226615609638,-942.0221409243212,-801.0880757665079,1708.806464318383,-1012.9439703840379,0.018138119372774316,0.015763193238068664,0.01759708741461119,120.78618373848371,278.9702099760317,-339.38417673531154,3129.7131214172073,-4876.720077376566,1802.2709504952777,0.29350159997454606,0.0,1.0,1.0,1.0,-958.9648431504538,1961.4386366709448,-819.3072186039715,3129.7131214172073,-4876.720077376566,-3571.691827186751,-9905.999959925533
-32.70161872577147,3031.1615794707295,-939.9348848226088,-61.36664075421349,2984.275008974301,-971.2648419961802,-89.9985854732629,2922.5060475051055,-1016.618613643225,-113.37986706247554,2869.961011326043,-1051.5639543408167,0.014658848875206694,0.016473129226272698,0.013404895720611747,-1208.7898974029972,704.0489358198788,-1025.5852603567785,-1763.111340137627,-3495.207636569916,-2686.7773824757155,0.6204631261779093,0.0,1.0,1.0,1.0,-36.32085621147371,3028.3620141388765,-935.9981414959564,-1763.111340137627,-3495.207636569916,-2333.697350216675,-9895.772992230592
928.8860354925316,1944.9061907505609,-1049.9165869829392,860.8394901075304,1853.5298757449837,-1076.395148442189,798.2250900455479,1758.6317047872378,-1106.5444812496776,738.596372651184,1676.1996318720999,-1130.3481719737567,0.014643829294105319,0.017788141726043878,0.014237727378031986,-270.4611664001361,175.47816290651176,-948.4585867170242,-3921.3335638399667,-5802.380158259344,-408.98917579986,0.25833030160181897,1.0,1.0,1.0,1.0,925.5455705710544,1945.2041111756128,-1050.502283579815,-3921.3335638399667,-5802.380158259344,-1477.5324346895416,-9874.433897471245
-997.4325350271138,2999.9356908699074,-1032.3668129081186,-941.7212764785726,2981.521612993785,-1064.8851600189435,-890.3575308032381,2961.368075214482,-1103.7075220160166,-831.7709803292547,2938.5028132506686,-1141.217838333774,0.014299670055236646,0.015244705406428529,0.01424258155537457,920.7939929550805,2267.9159380808346,-717.3270491531257,3876.965359476128,-1480.1362097853357,-1263.6204474366707,0.4512130429829606,0.0,1.0,1.0,1.0,-998.3038599856003,3000.5833619245877,-1027.2179009714853,3876.965359476128,-1480.1362097853357,-2768.4736474355277,-9789.2472782378
-945.0264255747352,2898.0976249924015,-1032.8342470436191,-909.537824487688,2843.0385906148654,-1092.6188402469365,-870.2173554084158,2800.645796237714,-1138.4591336502256,-832.9251584807345,2748.134910861173,-1079.1052031458375,0.014420857139442198,0.014271063562264288,0.015703296050810448,938.5567399495953,380.06626640534114,-411.05854601967866,2603.7525880293933,-3474.686992225099,-2376.517109130505,0.6806047832474836,0.0,1.0,1.0,1.0,-949.1638863717166,2899.2143357685304,-1031.0375617346947,2603.7525880293933,-3474.686992225099,-4226.9303610714205,-9853.962744387878
922.1117127581432,2559.655835035919,-701.6494853936102,921.3635522761396,2473.1291809930945,-714.748331231339,912.9274844671246,2389.845448979931,-734.7278342938142,903.4300415890584,2304.829777082428,-760.944838089579,0.016306303104033287,0.016078042522119963,0.018477144865870695,728.3757255676583,-56.49812106421713,-668.9553855692047,-375.62718009727763,-5027.437909900759,191.3808730062682,0.4691385095079764,0.0,1.0,1.0,1.0,923.7018592182467,2557.76959208418,-703.9390832612196,-375.62718009727763,-5027.437909900759,-853.5265299181303,-9881.306227928619
